"Financial market statistics, last Wednesday unless otherwise stated, Bank of Canada 1 2",,,,,,,,,,,,,,,,,,,,,,,,,,,,,,,,,,,,,,,,,,,,,,,,,,,,,,,,,,,,,,,,,,,,,,,,,,,,,,,,,,,,,,,,,,,,,,,,,,,,,,,,,,,,,,,,,,,,,,,,,,,,,,,,,,,,,,,,,,,,,,,,,,,,,,,,,,,,,,,,,,,,,,,,,,,,,,,,,,,,,,,,,,,,,,,,,,,,,,,,,,,,,,,,,,,,,,,,,,,,,,,,,,,,,
Frequency: Monthly,,,,,,,,,,,,,,,,,,,,,,,,,,,,,,,,,,,,,,,,,,,,,,,,,,,,,,,,,,,,,,,,,,,,,,,,,,,,,,,,,,,,,,,,,,,,,,,,,,,,,,,,,,,,,,,,,,,,,,,,,,,,,,,,,,,,,,,,,,,,,,,,,,,,,,,,,,,,,,,,,,,,,,,,,,,,,,,,,,,,,,,,,,,,,,,,,,,,,,,,,,,,,,,,,,,,,,,,,,,,,,,,,,,,,
Table: 10-10-0122-01 (formerly CANSIM 176-0043),,,,,,,,,,,,,,,,,,,,,,,,,,,,,,,,,,,,,,,,,,,,,,,,,,,,,,,,,,,,,,,,,,,,,,,,,,,,,,,,,,,,,,,,,,,,,,,,,,,,,,,,,,,,,,,,,,,,,,,,,,,,,,,,,,,,,,,,,,,,,,,,,,,,,,,,,,,,,,,,,,,,,,,,,,,,,,,,,,,,,,,,,,,,,,,,,,,,,,,,,,,,,,,,,,,,,,,,,,,,,,,,,,,,,
Release date: 2024-09-27,,,,,,,,,,,,,,,,,,,,,,,,,,,,,,,,,,,,,,,,,,,,,,,,,,,,,,,,,,,,,,,,,,,,,,,,,,,,,,,,,,,,,,,,,,,,,,,,,,,,,,,,,,,,,,,,,,,,,,,,,,,,,,,,,,,,,,,,,,,,,,,,,,,,,,,,,,,,,,,,,,,,,,,,,,,,,,,,,,,,,,,,,,,,,,,,,,,,,,,,,,,,,,,,,,,,,,,,,,,,,,,,,,,,,
Geography: Canada,,,,,,,,,,,,,,,,,,,,,,,,,,,,,,,,,,,,,,,,,,,,,,,,,,,,,,,,,,,,,,,,,,,,,,,,,,,,,,,,,,,,,,,,,,,,,,,,,,,,,,,,,,,,,,,,,,,,,,,,,,,,,,,,,,,,,,,,,,,,,,,,,,,,,,,,,,,,,,,,,,,,,,,,,,,,,,,,,,,,,,,,,,,,,,,,,,,,,,,,,,,,,,,,,,,,,,,,,,,,,,,,,,,,,
,,,,,,,,,,,,,,,,,,,,,,,,,,,,,,,,,,,,,,,,,,,,,,,,,,,,,,,,,,,,,,,,,,,,,,,,,,,,,,,,,,,,,,,,,,,,,,,,,,,,,,,,,,,,,,,,,,,,,,,,,,,,,,,,,,,,,,,,,,,,,,,,,,,,,,,,,,,,,,,,,,,,,,,,,,,,,,,,,,,,,,,,,,,,,,,,,,,,,,,,,,,,,,,,,,,,,,,,,,,,,,,,,,,,,
,,,,,,,,,,,,,,,,,,,,,,,,,,,,,,,,,,,,,,,,,,,,,,,,,,,,,,,,,,,,,,,,,,,,,,,,,,,,,,,,,,,,,,,,,,,,,,,,,,,,,,,,,,,,,,,,,,,,,,,,,,,,,,,,,,,,,,,,,,,,,,,,,,,,,,,,,,,,,,,,,,,,,,,,,,,,,,,,,,,,,,,,,,,,,,,,,,,,,,,,,,,,,,,,,,,,,,,,,,,,,,,,,,,,,
,,,,,,,,,,,,,,,,,,,,,,,,,,,,,,,,,,,,,,,,,,,,,,,,,,,,,,,,,,,,,,,,,,,,,,,,,,,,,,,,,,,,,,,,,,,,,,,,,,,,,,,,,,,,,,,,,,,,,,,,,,,,,,,,,,,,,,,,,,,,,,,,,,,,,,,,,,,,,,,,,,,,,,,,,,,,,,,,,,,,,,,,,,,,,,,,,,,,,,,,,,,,,,,,,,,,,,,,,,,,,,,,,,,,,
Geography,Canada,,,,,,,,,,,,,,,,,,,,,,,,,,,,,,,,,,,,,,,,,,,,,,,,,,,,,,,,,,,,,,,,,,,,,,,,,,,,,,,,,,,,,,,,,,,,,,,,,,,,,,,,,,,,,,,,,,,,,,,,,,,,,,,,,,,,,,,,,,,,,,,,,,,,,,,,,,,,,,,,,,,,,,,,,,,,,,,,,,,,,,,,,,,,,,,,,,,,,,,,,,,,,,,,,,,,,,,,,,,,,,,,,,,,
Rates,Jul-97,Aug-97,Sep-97,Oct-97,Nov-97,Dec-97,Jan-98,Feb-98,Mar-98,Apr-98,May-98,Jun-98,Jul-98,Aug-98,Sep-98,Oct-98,Nov-98,Dec-98,Jan-99,Feb-99,Mar-99,Apr-99,May-99,Jun-99,Jul-99,Aug-99,Sep-99,Oct-99,Nov-99,Dec-99,Jan-00,Feb-00,Mar-00,Apr-00,May-00,Jun-00,Jul-00,Aug-00,Sep-00,Oct-00,Nov-00,Dec-00,Jan-01,Feb-01,Mar-01,Apr-01,May-01,Jun-01,Jul-01,Aug-01,Sep-01,Oct-01,Nov-01,Dec-01,Jan-02,Feb-02,Mar-02,Apr-02,May-02,Jun-02,Jul-02,Aug-02,Sep-02,Oct-02,Nov-02,Dec-02,Jan-03,Feb-03,Mar-03,Apr-03,May-03,Jun-03,Jul-03,Aug-03,Sep-03,Oct-03,Nov-03,Dec-03,Jan-04,Feb-04,Mar-04,Apr-04,May-04,Jun-04,Jul-04,Aug-04,Sep-04,Oct-04,Nov-04,Dec-04,Jan-05,Feb-05,Mar-05,Apr-05,May-05,Jun-05,Jul-05,Aug-05,Sep-05,Oct-05,Nov-05,Dec-05,Jan-06,Feb-06,Mar-06,Apr-06,May-06,Jun-06,Jul-06,Aug-06,Sep-06,Oct-06,Nov-06,Dec-06,Jan-07,Feb-07,Mar-07,Apr-07,May-07,Jun-07,Jul-07,Aug-07,Sep-07,Oct-07,Nov-07,Dec-07,Jan-08,Feb-08,Mar-08,Apr-08,May-08,Jun-08,Jul-08,Aug-08,Sep-08,Oct-08,Nov-08,Dec-08,Jan-09,Feb-09,Mar-09,Apr-09,May-09,Jun-09,Jul-09,Aug-09,Sep-09,Oct-09,Nov-09,Dec-09,Jan-10,Feb-10,Mar-10,Apr-10,May-10,Jun-10,Jul-10,Aug-10,Sep-10,Oct-10,Nov-10,Dec-10,Jan-11,Feb-11,Mar-11,Apr-11,May-11,Jun-11,Jul-11,Aug-11,Sep-11,Oct-11,Nov-11,Dec-11,Jan-12,Feb-12,Mar-12,Apr-12,May-12,Jun-12,Jul-12,Aug-12,Sep-12,Oct-12,Nov-12,Dec-12,Jan-13,Feb-13,Mar-13,Apr-13,May-13,Jun-13,Jul-13,Aug-13,Sep-13,Oct-13,Nov-13,Dec-13,Jan-14,Feb-14,Mar-14,Apr-14,May-14,Jun-14,Jul-14,Aug-14,Sep-14,Oct-14,Nov-14,Dec-14,Jan-15,Feb-15,Mar-15,Apr-15,May-15,Jun-15,Jul-15,Aug-15,Sep-15,Oct-15,Nov-15,Dec-15,Jan-16,Feb-16,Mar-16,Apr-16,May-16,Jun-16,Jul-16
,Percent,,,,,,,,,,,,,,,,,,,,,,,,,,,,,,,,,,,,,,,,,,,,,,,,,,,,,,,,,,,,,,,,,,,,,,,,,,,,,,,,,,,,,,,,,,,,,,,,,,,,,,,,,,,,,,,,,,,,,,,,,,,,,,,,,,,,,,,,,,,,,,,,,,,,,,,,,,,,,,,,,,,,,,,,,,,,,,,,,,,,,,,,,,,,,,,,,,,,,,,,,,,,,,,,,,,,,,,,,,,,,,,,,,,,
"Bank rate, last Tuesday or last Thursday",3.5,3.5,3.5,3.75,4,4.5,4.5,5,5,5,5,5,5,5,5.75,5.5,5.25,5.25,5.25,5.25,5.25,5,4.75,4.75,4.75,4.75,4.75,4.75,5,5,5,5.25,5.5,5.5,6,6,6,6,6,6,6,6,5.75,5.75,5.25,5,4.75,4.75,4.5,4.25,3.75,3,2.5,2.5,2.25,2.25,2.25,2.5,2.5,2.75,3,3,3,3,3,3,3,3,3.25,3.5,3.5,3.5,3.25,3.25,3,3,3,3,2.75,2.75,2.5,2.25,2.25,2.25,2.25,2.25,2.5,2.75,2.75,2.75,2.75,2.75,2.75,2.75,2.75,2.75,2.75,2.75,3,3.25,3.25,3.5,3.75,3.75,4,4.25,4.5,4.5,4.5,4.5,4.5,4.5,4.5,4.5,4.5,4.5,4.5,4.5,4.5,4.5,4.75,4.75,4.75,4.75,4.75,4.5,4.25,4.25,3.75,3.25,3.25,3.25,3.25,3.25,3.25,2.5,2.5,1.75,1.25,1.25,0.75,0.5,0.5,0.5,0.5,0.5,0.5,0.5,0.5,0.5,0.5,0.5,0.5,0.5,0.5,0.75,1,1,1.25,1.25,1.25,1.25,1.25,1.25,1.25,1.25,1.25,1.25,1.25,1.25,1.25,1.25,1.25,1.25,1.25,1.25,1.25,1.25,1.25,1.25,1.25,1.25,1.25,1.25,1.25,1.25,1.25,1.25,1.25,1.25,1.25,1.25,1.25,1.25,1.25,1.25,1.25,1.25,1.25,1.25,1.25,1.25,1.25,1.25,1.25,1.25,1.25,1.25,1.25,1.25,1,1,1,1,1,1,0.75,0.75,0.75,0.75,0.75,0.75,0.75,0.75,0.75,0.75,0.75,0.75,0.75
Bank rate,3.5,3.5,3.5,3.75,4,4.5,4.5,5,5,5,5,5,5,5,5.75,5.5,5.25,5.25,5.25,5.25,5,5,4.75,4.75,4.75,4.75,4.75,4.75,5,5,5,5.25,5.5,5.5,6,6,6,6,6,6,6,6,5.75,5.75,5.25,5,4.75,4.75,4.5,4.25,3.75,3,2.5,2.5,2.25,2.25,2.25,2.5,2.5,2.75,3,3,3,3,3,3,3,3,3.25,3.5,3.5,3.5,3.25,3.25,3,3,3,3,2.75,2.75,2.5,2.25,2.25,2.25,2.25,2.25,2.5,2.75,2.75,2.75,2.75,2.75,2.75,2.75,2.75,2.75,2.75,2.75,3,3.25,3.25,3.5,3.75,3.75,4,4.25,4.5,4.5,4.5,4.5,4.5,4.5,4.5,4.5,4.5,4.5,4.5,4.5,4.5,4.5,4.75,4.75,4.75,4.75,4.75,4.5,4.25,4.25,3.75,3.25,3.25,3.25,3.25,3.25,3.25,2.5,2.5,1.75,1.25,1.25,0.75,0.5,0.5,0.5,0.5,0.5,0.5,0.5,0.5,0.5,0.5,0.5,0.5,0.5,0.5,0.75,1,1,1.25,1.25,1.25,1.25,1.25,1.25,1.25,1.25,1.25,1.25,1.25,1.25,1.25,1.25,1.25,1.25,1.25,1.25,1.25,1.25,1.25,1.25,1.25,1.25,1.25,1.25,1.25,1.25,1.25,1.25,1.25,1.25,1.25,1.25,1.25,1.25,1.25,1.25,1.25,1.25,1.25,1.25,1.25,1.25,1.25,1.25,1.25,1.25,1.25,1.25,1.25,1.25,1,1,1,1,1,1,0.75,0.75,0.75,0.75,0.75,0.75,0.75,0.75,0.75,0.75,0.75,0.75,0.75
Chartered bank administered interest rates - Prime rate (Terminated) 3 4,4.75t,4.75t,4.75t,5.25t,5.50t,6.00t,6.00t,6.50t,6.50t,6.50t,6.50t,6.50t,6.50t,6.50t,7.25t,7.00t,6.75t,6.75t,6.75t,6.75t,6.75t,6.50t,6.25t,6.25t,6.25t,6.25t,6.25t,6.25t,6.50t,6.50t,6.50t,6.75t,7.00t,7.00t,7.50t,7.50t,7.50t,7.50t,7.50t,7.50t,7.50t,7.50t,7.25t,7.25t,6.75t,6.50t,6.25t,6.25t,6.00t,5.75t,5.25t,4.50t,4.00t,4.00t,3.75t,3.75t,3.75t,4.00t,4.00t,4.25t,4.50t,4.50t,4.50t,4.50t,4.50t,4.50t,4.50t,4.50t,4.75t,5.00t,5.00t,5.00t,4.75t,4.75t,4.50t,4.50t,4.50t,4.50t,4.25t,4.25t,4.00t,3.75t,3.75t,3.75t,3.75t,3.75t,4.00t,4.25t,4.25t,4.25t,4.25t,4.25t,4.25t,4.25t,4.25t,4.25t,4.25t,4.25t,4.50t,4.75t,4.75t,5.00t,5.25t,5.25t,5.50t,5.75t,6.00t,6.00t,6.00t,6.00t,6.00t,6.00t,6.00t,6.00t,6.00t,6.00t,6.00t,6.00t,6.00t,6.00t,6.25t,6.25t,6.25t,6.25t,6.25t,6.00t,5.75t,5.75t,5.25t,4.75t,4.75t,4.75t,4.75t,4.75t,4.75t,4.00t,4.00t,3.50t,3.00t,3.00t,2.50t,2.25t,2.25t,2.25t,2.25t,2.25t,2.25t,2.25t,2.25t,2.25t,2.25t,2.25t,2.25t,2.25t,2.25t,2.50t,2.75t,2.75t,3.00t,3.00t,3.00t,3.00t,3.00t,3.00t,3.00t,3.00t,3.00t,3.00t,3.00t,3.00t,3.00t,3.00t,3.00t,3.00t,3.00t,3.00t,3.00t,3.00t,3.00t,3.00t,3.00t,3.00t,3.00t,3.00t,3.00t,3.00t,3.00t,3.00t,3.00t,3.00t,3.00t,3.00t,3.00t,3.00t,3.00t,3.00t,3.00t,3.00t,3.00t,3.00t,3.00t,3.00t,3.00t,3.00t,3.00t,3.00t,3.00t,3.00t,3.00t,3.00t,2.85t,2.85t,2.85t,2.85t,2.85t,2.85t,2.70t,2.70t,2.70t,2.70t,2.70t,2.70t,2.70t,2.70t,2.70t,2.70t,2.70t,2.70t,2.70t
Chartered bank - consumer loan rate (Terminated) 3 4,8.75t,8.75t,8.75t,8.75t,8.75t,8.75t,8.75t,8.75t,8.75t,8.75t,8.75t,8.75t,8.75t,9.50t,10.50t,10.00t,10.00t,10.00t,10.00t,10.50t,10.50t,10.00t,10.00t,10.00t,10.00t,10.00t,10.00t,10.00t,11.00t,11.00t,11.00t,11.00t,11.25t,11.25t,12.00t,12.00t,12.00t,12.00t,12.00t,12.00t,12.00t,12.00t,10.75t,10.75t,10.75t,10.00t,10.00t,10.00t,10.00t,10.00t,10.00t,9.50t,9.50t,9.50t,8.90t,8.90t,9.50t,9.50t,9.50t,9.50t,9.50t,9.40t,9.40t,9.40t,9.40t,9.40t,9.40t,9.40t,9.50t,9.75t,9.75t,9.75t,9.50t,9.50t,9.40t,9.40t,9.40t,9.40t,9.40t,9.10t,9.10t,9.10t,9.10t,9.10t,9.10t,9.10t,9.25t,9.50t,9.50t,9.50t,9.50t,9.50t,9.50t,9.50t,9.50t,9.50t,9.50t,9.50t,9.75t,9.75t,9.75t,9.75t,9.75t,9.75t,9.75t,9.75t,9.75t,9.75t,9.75t,9.75t,9.75t,10.75t,10.75t,10.75t,10.75t,10.75t,10.75t,10.75t,10.75t,10.75t,10.75t,10.75t,10.75t,10.75t,10.75t,10.75t,10.70t,10.70t,10.50t,10.00t,10.00t,10.00t,10.00t,10.00t,10.00t,9.80t,10.70t,10.70t,9.80t,9.80t,9.80t,9.50t,9.50t,9.50t,9.80t,9.80t,9.80t,9.50t,9.50t,9.50t,9.75t,9.75t,9.75t,9.75t,9.75t,9.75t,9.75t,9.75t,9.75t,9.75t,9.39t,9.39t,9.39t,9.39t,9.39t,9.69t,9.69t,9.69t,9.69t,9.75t,9.75t,9.75t,9.75t,9.75t,9.75t,9.75t,9.75t,9.75t,9.75t,9.75t,9.75t,8.50t,8.50t,8.50t,10.00t,10.00t,10.00t,10.00t,10.00t,10.00t,10.00t,10.00t,10.00t,10.00t,10.00t,10.00t,10.00t,10.00t,10.00t,10.00t,10.00t,10.00t,10.00t,10.00t,10.00t,10.00t,9.28t,9.28t,9.28t,8.15t,8.15t,8.15t,8.15t,8.15t,8.15t,8.15t,8.15t,8.15t,8.15t,8.15t,8.15t,8.15t,8.15t,8.15t,8.15t,8.15t,8.15t,8.15t,8.15t
"Forward premium or discount (-), United States dollar in Canada: 1 month (Terminated)",-2.11t,-2.36t,-2.28t,-1.82t,-1.88t,-1.36t,-1.25t,-0.77t,-1.04t,-0.76t,-0.75t,-0.74t,-0.73t,-0.62t,0.08t,0.08t,0.00t,-0.31t,0.08t,0.08t,-0.08t,-0.08t,-0.17t,-0.50t,-0.48t,-0.65t,-0.75t,-0.66t,-0.91t,-1.00t,-0.93t,-0.83t,-0.83t,-0.91t,-0.89t,-0.99t,-0.91t,-0.82t,-0.89t,-0.80t,-0.79t,-0.97t,-0.08t,-0.08t,-0.16t,0.31t,0.47t,0.80t,0.55t,0.47t,0.77t,0.54t,0.31t,0.30t,0.23t,0.23t,0.31t,0.54t,0.71t,0.88t,1.08t,1.17t,1.08t,1.09t,1.47t,1.42t,1.44t,1.46t,1.99t,2.21t,2.11t,2.35t,1.91t,1.91t,1.80t,1.67t,1.87t,1.69t,1.47t,1.28t,1.21t,0.97t,1.07t,0.73t,0.64t,0.56t,0.48t,0.69t,0.52t,0.20t,0.10t,0.00t,-0.20t,-0.58t,-0.58t,-0.79t,-0.98t,-1.02t,-1.04t,-1.14t,-1.15t,-1.15t,-1.06t,-0.85t,-1.04t,-1.08t,-0.99t,-1.08t,-1.18t,-0.99t,-1.09t,-1.08t,-1.07t,-1.15t,-1.03t,-1.14t,-1.15t,-1.20t,-1.02t,-0.91t,-0.94t,-0.69t,-0.36t,-0.13t,-0.25t,-0.37t,0.86t,0.62t,0.84t,0.36t,0.61t,0.48t,0.48t,0.58t,-0.82t,-0.10t,0.40t,0.60t,0.50t,0.10t,-0.10t,-0.10t,-0.22t,-0.21t,-0.11t,0.00t,0.00t,0.00t,0.00t,0.00t,0.11t,0.12t,0.00t,0.00t,0.00t,0.23t,0.47t,0.57t,0.82t,0.83t,0.84t,0.61t,0.73t,0.74t,0.75t,0.90t,0.87t,0.88t,0.90t,0.87t,0.94t,0.97t,0.95t,0.83t,0.85t,0.86t,0.85t,0.87t,0.83t,0.83t,0.84t,0.74t,0.86t,0.73t,0.86t,0.74t,0.73t,0.83t,0.84t,0.95t,0.82t,0.93t,0.95t,0.93t,0.94t,0.93t,0.92t,0.92t,0.87t,0.77t,0.88t,0.89t,0.90t,0.91t,0.78t,0.90t,0.99t,0.87t,0.97t,0.84t,0.58t,0.59t,0.49t,0.51t,0.59t,0.59t,0.28t,0.09t,0.18t,0.28t,0.18t,-0.09t,0.00t,0.00t,-0.09t,0.00t,0.00t,-0.09t,-0.18t
"Forward premium or discount (-), United States dollar in Canada: 3 month (Terminated)",-2.08t,-2.13t,-2.13t,-1.88t,-1.76t,-1.08t,-1.08t,-0.71t,-0.92t,-0.68t,-0.64t,-0.63t,-0.54t,-0.36t,0.05t,0.00t,-0.18t,-0.18t,0.05t,0.05t,-0.13t,-0.19t,-0.28t,-0.58t,-0.43t,-0.62t,-0.77t,-0.99t,-1.02t,-0.89t,-0.85t,-0.83t,-0.89t,-0.82t,-0.89t,-0.93t,-0.89t,-0.85t,-0.84t,-0.91t,-0.87t,-0.72t,-0.11t,-0.05t,-0.21t,0.18t,0.52t,0.70t,0.55t,0.50t,0.64t,0.33t,0.20t,0.20t,0.23t,0.25t,0.41t,0.62t,0.85t,1.01t,1.10t,1.27t,1.21t,1.24t,1.44t,1.47t,1.60t,1.68t,2.07t,2.18t,2.11t,2.20t,1.91t,1.79t,1.71t,1.67t,1.68t,1.60t,1.35t,1.21t,1.05t,0.94t,0.86t,0.58t,0.55t,0.50t,0.57t,0.60t,0.38t,0.10t,-0.13t,-0.26t,-0.40t,-0.55t,-0.67t,-0.89t,-0.98t,-1.02t,-1.04t,-1.07t,-1.04t,-1.04t,-0.99t,-0.95t,-1.04t,-0.97t,-0.96t,-1.12t,-1.21t,-1.10t,-1.09t,-1.12t,-1.10t,-1.08t,-0.90t,-1.07t,-1.08t,-1.06t,-0.98t,-0.83t,-0.70t,-0.65t,-0.36t,-0.13t,-0.16t,-0.29t,0.78t,0.70t,0.76t,0.28t,0.41t,0.40t,0.40t,0.43t,-0.55t,-0.63t,-0.43t,0.03t,0.13t,-0.16t,-0.46t,-0.30t,-0.25t,-0.21t,-0.15t,-0.04t,-0.04t,0.00t,0.00t,0.00t,0.04t,0.08t,0.04t,0.08t,0.08t,0.27t,0.55t,0.61t,0.90t,0.91t,0.80t,0.77t,0.77t,0.82t,0.84t,0.90t,0.91t,0.92t,0.90t,0.83t,0.79t,0.85t,0.87t,0.79t,0.85t,0.82t,0.81t,0.87t,0.83t,0.79t,0.80t,0.82t,0.82t,0.81t,0.78t,0.78t,0.81t,0.83t,0.84t,0.83t,0.90t,0.89t,0.91t,0.89t,0.90t,0.93t,0.92t,0.92t,0.87t,0.87t,0.88t,0.89t,0.90t,0.91t,0.89t,0.86t,0.92t,0.94t,0.87t,0.80t,0.49t,0.52t,0.49t,0.51t,0.55t,0.56t,0.25t,0.09t,0.15t,0.22t,0.06t,-0.09t,-0.03t,-0.03t,-0.03t,0.00t,-0.03t,-0.06t,-0.12t
Prime corporate paper rate: 1 month (Terminated) 5 6,3.53t,3.53t,3.51t,3.80t,3.95t,4.50t,4.45t,4.87t,4.80t,4.96t,4.91t,4.96t,5.00t,5.05t,5.52t,5.34t,5.05t,5.08t,5.03t,5.04t,4.83t,4.82t,4.64t,4.78t,4.76t,4.77t,4.70t,4.75t,4.88t,5.27t,5.09t,5.17t,5.35t,5.40t,5.83t,5.84t,5.81t,5.81t,5.80t,5.84t,5.83t,5.81t,5.51t,5.22t,4.92t,4.75t,4.53t,4.48t,4.29t,4.03t,3.43t,2.72t,2.27t,2.18t,2.05t,2.08t,2.12t,2.30t,2.50t,2.58t,2.78t,2.95t,2.79t,2.77t,2.78t,2.79t,2.78t,2.87t,3.10t,3.28t,3.26t,3.20t,2.99t,2.82t,2.70t,2.74t,2.75t,2.73t,2.52t,2.33t,2.20t,2.02t,2.03t,2.05t,2.05t,2.10t,2.35t,2.53t,2.63t,2.55t,2.53t,2.53t,2.57t,2.55t,2.53t,2.52t,2.54t,2.68t,2.85t,3.05t,3.24t,3.36t,3.55t,3.66t,3.90t,4.08t,4.31t,4.42t,4.33t,4.31t,4.31t,4.33t,4.31t,4.33t,4.33t,4.36t,4.35t,4.33t,4.35t,4.43t,4.60t,5.07t,5.03t,4.65t,4.74t,4.61t,4.05t,3.86t,3.57t,3.25t,3.09t,3.11t,3.13t,3.10t,3.31t,2.77t,2.53t,2.24t,1.35t,1.27t,1.05t,0.70t,0.60t,0.54t,0.40t,0.40t,0.37t,0.36t,0.36t,0.36t,0.36t,0.35t,0.36t,0.40t,0.42t,0.55t,0.78t,0.80t,1.04t,1.05t,1.06t,1.07t,1.07t,1.07t,1.07t,1.07t,1.07t,1.06t,1.06t,1.06t,1.06t,1.06t,1.06t,1.06t,1.06t,1.07t,1.07t,1.08t,1.14t,1.12t,1.12t,1.12t,1.12t,1.12t,1.12t,1.12t,1.12t,1.12t,1.12t,1.12t,1.12t,1.13t,1.13t,1.13t,1.13t,1.14t,1.14t,1.14t,1.14t,1.14t,1.14t,1.14t,1.14t,1.13t,1.13t,1.13t,1.13t,1.14t,1.15t,1.18t,0.91t,0.85t,0.87t,0.87t,0.87t,0.87t,0.61t,0.61t,0.69t,0.74t,0.78t,0.83t,0.80t,0.78t,0.80t,0.85t,0.84t,0.80t,0.81t
Prime corporate paper rate: 2 month (Terminated) 5 6,3.60t,3.58t,3.57t,3.86t,4.01t,4.73t,4.51t,4.91t,4.81t,5.00t,4.96t,5.01t,5.06t,5.12t,5.45t,5.27t,5.08t,5.07t,5.02t,5.04t,4.85t,4.81t,4.67t,4.82t,4.82t,4.83t,4.74t,4.92t,4.98t,5.27t,5.18t,5.26t,5.39t,5.50t,5.89t,5.87t,5.84t,5.85t,5.82t,5.84t,5.85t,5.79t,5.39t,5.11t,4.78t,4.57t,4.50t,4.41t,4.25t,4.01t,3.30t,2.58t,2.22t,2.10t,2.06t,2.10t,2.23t,2.36t,2.58t,2.69t,2.84t,3.03t,2.85t,2.81t,2.82t,2.82t,2.83t,2.91t,3.15t,3.31t,3.28t,3.15t,2.93t,2.82t,2.67t,2.72t,2.74t,2.68t,2.42t,2.30t,2.13t,2.03t,2.05t,2.08t,2.07t,2.14t,2.44t,2.56t,2.68t,2.56t,2.54t,2.55t,2.62t,2.56t,2.55t,2.53t,2.57t,2.75t,2.92t,3.09t,3.26t,3.43t,3.60t,3.72t,3.93t,4.17t,4.32t,4.46t,4.35t,4.32t,4.31t,4.34t,4.31t,4.33t,4.33t,4.36t,4.35t,4.34t,4.39t,4.53t,4.64t,5.09t,5.03t,4.68t,4.80t,4.71t,4.01t,3.85t,3.57t,3.25t,3.10t,3.15t,3.20t,3.14t,3.48t,2.85t,2.63t,2.23t,1.30t,1.25t,1.05t,0.70t,0.60t,0.54t,0.40t,0.42t,0.38t,0.37t,0.37t,0.37t,0.37t,0.36t,0.38t,0.49t,0.50t,0.64t,0.82t,0.85t,1.09t,1.08t,1.08t,1.09t,1.10t,1.11t,1.10t,1.11t,1.10t,1.09t,1.09t,1.09t,1.09t,1.09t,1.09t,1.09t,1.09t,1.09t,1.09t,1.10t,1.15t,1.14t,1.14t,1.14t,1.14t,1.14t,1.14t,1.14t,1.14t,1.14t,1.14t,1.14t,1.14t,1.15t,1.15t,1.15t,1.15t,1.16t,1.16t,1.16t,1.16t,1.16t,1.16t,1.16t,1.16t,1.15t,1.15t,1.15t,1.15t,1.16t,1.17t,1.20t,0.92t,0.86t,0.88t,0.88t,0.88t,0.88t,0.61t,0.61t,0.69t,0.74t,0.78t,0.83t,0.80t,0.79t,0.80t,0.85t,0.84t,0.80t,0.81t
Prime corporate paper rate: 3 month (Terminated) 5 6,3.67t,3.63t,3.64t,3.91t,4.14t,4.80t,4.56t,4.96t,4.84t,5.04t,5.04t,5.06t,5.14t,5.22t,5.38t,5.22t,5.09t,5.02t,5.01t,5.04t,4.85t,4.80t,4.71t,4.86t,4.91t,4.87t,4.83t,5.05t,5.05t,5.27t,5.25t,5.31t,5.46t,5.62t,5.98t,5.89t,5.88t,5.90t,5.83t,5.85t,5.89t,5.71t,5.29t,5.05t,4.66t,4.49t,4.49t,4.38t,4.22t,3.96t,3.19t,2.45t,2.17t,2.08t,2.07t,2.16t,2.36t,2.46t,2.68t,2.78t,2.88t,3.09t,2.90t,2.83t,2.85t,2.83t,2.91t,2.97t,3.28t,3.35t,3.27t,3.11t,2.89t,2.80t,2.64t,2.71t,2.73t,2.66t,2.37t,2.25t,2.10t,2.05t,2.07t,2.10t,2.12t,2.22t,2.50t,2.60t,2.74t,2.57t,2.56t,2.57t,2.68t,2.58t,2.59t,2.58t,2.64t,2.83t,2.98t,3.14t,3.37t,3.52t,3.67t,3.80t,4.00t,4.19t,4.33t,4.51t,4.35t,4.34t,4.30t,4.34t,4.30t,4.33t,4.33t,4.35t,4.35t,4.35t,4.43t,4.60t,4.70t,5.09t,5.03t,4.70t,4.84t,4.80t,3.95t,3.84t,3.57t,3.25t,3.11t,3.21t,3.27t,3.25t,3.45t,2.95t,2.68t,2.22t,1.30t,1.23t,1.05t,0.70t,0.60t,0.54t,0.40t,0.43t,0.39t,0.38t,0.39t,0.38t,0.38t,0.37t,0.41t,0.59t,0.60t,0.73t,0.90t,0.89t,1.15t,1.16t,1.17t,1.18t,1.18t,1.19t,1.18t,1.19t,1.19t,1.17t,1.17t,1.15t,1.15t,1.15t,1.16t,1.16t,1.16t,1.16t,1.14t,1.16t,1.17t,1.16t,1.16t,1.16t,1.16t,1.16t,1.16t,1.16t,1.16t,1.16t,1.16t,1.16t,1.16t,1.17t,1.17t,1.17t,1.17t,1.17t,1.17t,1.17t,1.17t,1.17t,1.17t,1.17t,1.18t,1.17t,1.17t,1.17t,1.17t,1.17t,1.18t,1.21t,0.93t,0.87t,0.90t,0.89t,0.89t,0.89t,0.61t,0.61t,0.69t,0.75t,0.78t,0.84t,0.80t,0.80t,0.80t,0.83t,0.84t,0.81t,0.81t
Bankers' acceptances: 1 month (Terminated) 6 7,3.51t,3.52t,3.50t,3.79t,3.94t,4.50t,4.44t,4.84t,4.78t,4.93t,4.89t,4.94t,5.01t,5.06t,5.48t,5.32t,5.04t,5.07t,5.02t,5.03t,4.81t,4.80t,4.63t,4.70t,4.75t,4.76t,4.69t,4.74t,4.88t,5.16t,5.04t,5.09t,5.33t,5.39t,5.82t,5.83t,5.80t,5.80t,5.79t,5.82t,5.81t,5.80t,5.51t,5.21t,4.91t,4.74t,4.53t,4.48t,4.29t,4.03t,3.42t,2.72t,2.27t,2.18t,2.05t,2.07t,2.11t,2.30t,2.50t,2.60t,2.78t,2.96t,2.79t,2.77t,2.78t,2.79t,2.79t,2.87t,3.10t,3.28t,3.26t,3.24t,2.99t,2.82t,2.70t,2.74t,2.75t,2.72t,2.51t,2.32t,2.15t,2.04t,2.03t,2.03t,2.03t,2.11t,2.33t,2.53t,2.59t,2.53t,2.53t,2.55t,2.59t,2.53t,2.53t,2.53t,2.53t,2.69t,2.84t,3.02t,3.22t,3.35t,3.53t,3.67t,3.83t,4.05t,4.30t,4.39t,4.29t,4.29t,4.29t,4.29t,4.29t,4.30t,4.31t,4.31t,4.31t,4.32t,4.34t,4.42t,4.56t,4.89t,4.84t,4.59t,4.65t,4.56t,4.03t,3.83t,3.55t,3.20t,3.09t,3.10t,3.07t,3.05t,3.26t,2.60t,2.23t,1.50t,1.03t,0.78t,0.53t,0.29t,0.28t,0.30t,0.29t,0.29t,0.30t,0.30t,0.30t,0.31t,0.29t,0.29t,0.39t,0.41t,0.42t,0.58t,0.83t,0.84t,1.09t,1.09t,1.09t,1.12t,1.12t,1.12t,1.12t,1.12t,1.12t,1.13t,1.12t,1.12t,1.12t,1.11t,1.10t,1.12t,1.12t,1.12t,1.12t,1.17t,1.17t,1.14t,1.15t,1.16t,1.16t,1.14t,1.16t,1.17t,1.15t,1.15t,1.17t,1.15t,1.15t,1.17t,1.16t,1.16t,1.16t,1.15t,1.16t,1.16t,1.15t,1.17t,1.16t,1.19t,1.18t,1.19t,1.20t,1.20t,1.19t,1.22t,1.23t,1.25t,0.93t,0.84t,0.89t,0.90t,0.91t,0.91t,0.66t,0.67t,0.73t,0.80t,0.78t,0.85t,0.81t,0.80t,0.85t,0.90t,0.84t,0.80t,0.83t
Bankers' acceptances: 2 month (Terminated) 6 7,3.58t,3.57t,3.55t,3.84t,4.01t,4.70t,4.50t,4.89t,4.80t,4.98t,4.94t,4.99t,5.08t,5.15t,5.41t,5.25t,5.06t,5.05t,5.02t,5.03t,4.83t,4.80t,4.66t,4.74t,4.81t,4.81t,4.73t,4.91t,4.97t,5.16t,5.13t,5.18t,5.38t,5.49t,5.89t,5.86t,5.83t,5.84t,5.81t,5.83t,5.84t,5.77t,5.39t,5.11t,4.78t,4.57t,4.49t,4.41t,4.24t,4.01t,3.30t,2.58t,2.23t,2.10t,2.06t,2.11t,2.23t,2.36t,2.58t,2.71t,2.84t,3.01t,2.86t,2.81t,2.82t,2.82t,2.88t,2.91t,3.15t,3.30t,3.27t,3.22t,2.94t,2.82t,2.67t,2.72t,2.74t,2.67t,2.43t,2.28t,2.11t,2.03t,2.05t,2.06t,2.08t,2.17t,2.42t,2.57t,2.67t,2.54t,2.54t,2.57t,2.62t,2.55t,2.56t,2.57t,2.59t,2.77t,2.93t,3.10t,3.27t,3.42t,3.59t,3.72t,3.91t,4.17t,4.30t,4.44t,4.31t,4.30t,4.31t,4.33t,4.31t,4.31t,4.31t,4.31t,4.30t,4.33t,4.36t,4.51t,4.60t,4.88t,4.85t,4.63t,4.74t,4.68t,4.01t,3.83t,3.58t,3.20t,3.09t,3.15t,3.13t,3.14t,3.32t,2.63t,2.21t,1.48t,1.03t,0.75t,0.52t,0.28t,0.29t,0.31t,0.31t,0.30t,0.29t,0.30t,0.30t,0.31t,0.30t,0.30t,0.43t,0.52t,0.52t,0.67t,0.88t,0.91t,1.15t,1.13t,1.14t,1.16t,1.17t,1.18t,1.18t,1.18t,1.17t,1.17t,1.17t,1.14t,1.15t,1.14t,1.14t,1.15t,1.15t,1.15t,1.15t,1.20t,1.20t,1.18t,1.17t,1.18t,1.18t,1.17t,1.18t,1.18t,1.18t,1.18t,1.18t,1.18t,1.17t,1.19t,1.18t,1.17t,1.17t,1.17t,1.18t,1.18t,1.17t,1.17t,1.17t,1.20t,1.19t,1.19t,1.20t,1.21t,1.20t,1.22t,1.23t,1.25t,0.93t,0.82t,0.88t,0.92t,0.92t,0.91t,0.67t,0.68t,0.73t,0.79t,0.79t,0.84t,0.81t,0.80t,0.85t,0.90t,0.84t,0.80t,0.83t
Bankers' acceptances: 3 month (Terminated) 6 7,3.65t,3.63t,3.63t,3.89t,4.14t,4.79t,4.56t,4.94t,4.82t,5.06t,5.02t,5.05t,5.16t,5.25t,5.36t,5.21t,5.07t,5.00t,5.01t,5.03t,4.83t,4.79t,4.69t,4.78t,4.90t,4.85t,4.82t,5.05t,5.03t,5.18t,5.22t,5.25t,5.45t,5.60t,5.98t,5.88t,5.87t,5.88t,5.82t,5.84t,5.87t,5.73t,5.28t,5.04t,4.66t,4.50t,4.48t,4.39t,4.22t,3.95t,3.18t,2.45t,2.18t,2.08t,2.07t,2.15t,2.36t,2.46t,2.68t,2.78t,2.88t,3.06t,2.90t,2.85t,2.85t,2.83t,2.93t,2.97t,3.28t,3.34t,3.27t,3.19t,2.91t,2.80t,2.64t,2.72t,2.73t,2.63t,2.38t,2.24t,2.09t,2.06t,2.08t,2.09t,2.13t,2.24t,2.49t,2.61t,2.71t,2.56t,2.55t,2.59t,2.67t,2.57t,2.59t,2.59t,2.66t,2.86t,2.99t,3.15t,3.38t,3.53t,3.66t,3.83t,3.98t,4.17t,4.34t,4.46t,4.32t,4.32t,4.32t,4.33t,4.29t,4.31t,4.32t,4.31t,4.31t,4.33t,4.41t,4.58t,4.68t,4.88t,4.88t,4.65t,4.75t,4.75t,3.97t,3.83t,3.58t,3.20t,3.10t,3.20t,3.21t,3.22t,3.39t,2.63t,2.20t,1.41t,1.02t,0.75t,0.51t,0.31t,0.30t,0.32t,0.32t,0.31t,0.30t,0.31t,0.31t,0.32t,0.31t,0.31t,0.48t,0.63t,0.64t,0.77t,0.93t,0.95t,1.21t,1.21t,1.22t,1.21t,1.21t,1.21t,1.21t,1.22t,1.20t,1.20t,1.19t,1.17t,1.17t,1.16t,1.15t,1.16t,1.18t,1.18t,1.18t,1.23t,1.22t,1.20t,1.18t,1.21t,1.20t,1.19t,1.20t,1.19t,1.19t,1.20t,1.20t,1.19t,1.19t,1.20t,1.20t,1.20t,1.20t,1.20t,1.19t,1.20t,1.20t,1.19t,1.19t,1.20t,1.20t,1.20t,1.22t,1.22t,1.21t,1.23t,1.23t,1.26t,0.92t,0.84t,0.88t,0.93t,0.93t,0.92t,0.67t,0.68t,0.74t,0.80t,0.79t,0.84t,0.81t,0.80t,0.85t,0.90t,0.84t,0.80t,0.83t
"Overnight money market financing, 7 day average 8",3.2429,3.2671,3.2357,3.54,3.5529,4.3357,4.2843,4.7114,4.6829,4.7257,4.7386,4.74,4.77,4.72,5.7271,5.2329,4.9514,5.1129,4.9914,4.9957,4.9943,4.7771,4.5929,4.5957,4.6114,4.6229,4.5786,4.6057,4.7714,4.7586,4.77,4.9714,5.2486,5.2586,5.7529,5.75,5.7271,5.7514,5.7429,5.7514,5.75,5.8,5.4914,5.49,4.9927,4.7442,4.67,4.4935,4.2414,4.1679,3.4858,2.7412,2.5955,2.2444,1.9923,1.9926,1.9933,2.244,2.2471,2.4964,2.7418,2.7448,2.7447,2.7449,2.7431,2.7439,2.7439,2.7469,2.992,3.2373,3.2416,3.2449,2.9947,2.9972,2.749,2.7492,2.7481,2.7481,2.4951,2.4953,2.2482,1.9959,1.9985,2.0005,1.9973,1.9979,2.2496,2.496,2.4977,2.4999,2.498,2.4971,2.4794,2.4954,2.4866,2.4936,2.4922,2.4882,2.7421,2.9873,2.9883,3.2437,3.2961,3.4765,3.7269,3.8182,4.2126,4.2455,4.2442,4.2427,4.2465,4.2335,4.2476,4.2482,4.2447,4.2504,4.2432,4.2471,4.2352,4.2536,4.504,4.4158,4.4637,4.5086,4.5105,4.2597,4.006,3.9994,3.4585,3.0298,2.9988,2.9915,3.0195,3.0003,2.9904,2.2522,2.2448,1.5017,1.0044,0.9978,0.4883,0.248,0.2432,0.2412,0.2417,0.2425,0.2417,0.2403,0.2435,0.2455,0.2442,0.2476,0.2443,0.248,0.2437,0.4928,0.74,0.7481,0.9976,0.9969,0.9997,0.9924,0.9937,0.9934,0.9944,0.997,0.9967,0.9981,0.9986,0.9977,0.9989,0.9993,0.9983,0.9998,0.9987,0.9978,0.998,1.0079,1,0.9984,0.9974,0.999,0.9991,1.0024,0.9985,0.9982,1.0048,1.0072,1.0065,1.0036,1.0063,1.0067,0.9998,0.9978,0.9948,0.9994,0.9997,1.0012,0.9993,0.9945,0.998,0.9978,0.9978,0.9988,0.999,0.9976,0.9979,1.0024,1,1.0114,0.7502,0.7595,0.7558,0.7473,0.727,0.7464,0.5019,0.5026,0.5002,0.4991,0.4967,0.5242,0.5153,0.4991,0.4981,0.5005,0.4974,0.5035,0.5078
"Day-to-day loan rate (closing, weekly average) (Terminated)",..t,..t,..t,..t,..t,..t,..t,..t,..t,..t,..t,..t,..t,..t,..t,..t,..t,..t,..t,..t,..t,..t,..t,..t,..t,..t,..t,..t,..t,..t,..t,..t,..t,..t,..t,..t,..t,..t,..t,..t,..t,..t,..t,..t,..t,..t,..t,..t,..t,..t,..t,..t,..t,..t,..t,..t,..t,..t,..t,..t,..t,..t,..t,..t,..t,..t,..t,..t,..t,..t,..t,..t,..t,..t,..t,..t,..t,..t,..t,..t,..t,..t,..t,..t,..t,..t,..t,..t,..t,..t,..t,..t,..t,..t,..t,..t,..t,..t,..t,..t,..t,..t,..t,..t,..t,..t,..t,..t,..t,..t,..t,..t,..t,..t,..t,..t,..t,..t,..t,..t,..t,..t,..t,..t,..t,..t,..t,..t,..t,..t,..t,..t,..t,..t,..t,..t,..t,..t,..t,..t,..t,..t,..t,..t,..t,..t,..t,..t,..t,..t,..t,..t,..t,..t,..t,..t,..t,..t,..t,..t,..t,..t,..t,..t,..t,..t,..t,..t,..t,..t,..t,..t,..t,..t,..t,..t,..t,..t,..t,..t,..t,..t,..t,..t,..t,..t,..t,..t,..t,..t,..t,..t,..t,..t,..t,..t,..t,..t,..t,..t,..t,..t,..t,..t,..t,..t,..t,..t,..t,..t,..t,..t,..t,..t,..t,..t,..t,..t,..t,..t,..t,..t,..t,..t,..t,..t,..t,..t,..t
Selected Government of Canada benchmark bond yields: 2 year,4.49,4.26,4.47,4.38,4.63,5.04,4.73,5.05,4.87,5.12,5.09,5.2,5.24,5.41,4.7,4.51,4.94,4.72,4.73,5.17,4.82,4.78,5.14,5.1,5.34,5.37,5.43,5.99,5.76,5.85,6.07,6.08,6.01,6.03,6.19,6.01,5.95,5.88,5.69,5.69,5.64,5.27,4.88,4.81,4.69,4.76,4.99,4.87,4.73,4.26,3.38,2.92,3.37,3.21,3.25,3.23,4.5,4.21,4.15,3.84,3.32,3.53,3.48,3.39,3.47,3.18,3.51,3.45,3.84,3.65,3.17,3.05,2.85,3.18,3.02,3.14,3.18,2.96,2.64,2.39,2.43,2.84,3.08,3.22,3.25,3.03,3.28,3.23,3.17,3.05,2.81,2.94,3.36,3.07,3,2.86,3.04,2.97,3.3,3.6,3.77,3.8,3.83,3.91,3.98,4.19,4.18,4.45,4.15,4.02,3.89,4.08,3.9,3.98,4.1,3.97,3.96,4.13,4.56,4.64,4.69,4.23,4.16,4.17,3.76,3.87,3.17,3.05,2.6,2.73,3.09,3.23,3.05,2.75,2.85,2.07,1.73,1.09,1.37,1.25,1.12,0.98,1.27,1.27,1.45,1.29,1.26,1.43,1.15,1.43,1.22,1.34,1.73,1.97,1.62,1.39,1.6,1.23,1.39,1.45,1.74,1.69,1.67,1.79,1.77,1.78,1.59,1.56,1.47,1.08,0.92,1.08,1.01,0.93,1.02,1.1,1.19,1.43,1.11,0.99,0.96,1.15,1.09,1.07,1.09,1.12,1.16,1,1,0.94,1.07,1.23,1.15,1.2,1.21,1.1,1.1,1.13,0.96,1,1.06,1.06,1.04,1.11,1.1,1.1,1.14,1.04,1,1.01,0.44,0.47,0.49,0.68,0.63,0.6,0.46,0.39,0.53,0.54,0.63,0.48,0.42,0.49,0.53,0.68,0.63,0.54,0.58
Selected Government of Canada benchmark bond yields: 3 year,4.81,4.85,4.72,4.78,5.01,5.32,5,5.2,5.04,5.27,5.2,5.32,5.44,5.65,4.83,4.69,5.06,4.83,4.82,5.25,4.95,4.9,5.28,5.28,5.5,5.48,5.53,6.17,5.96,6.01,6.24,6.21,6.16,6.2,6.23,6.08,6.04,5.92,5.81,5.79,5.66,5.3,4.96,4.91,4.94,5.1,5.44,5.24,5.19,4.73,4.04,3.36,3.89,3.79,3.8,3.75,4.62,4.32,4.25,3.96,3.46,4.04,3.78,3.82,3.86,3.55,3.8,3.74,4.06,3.79,3.3,3.17,3.05,3.36,3.32,3.47,3.47,3.26,2.97,2.69,2.98,3.44,3.63,3.74,3.76,3.51,3.51,3.45,3.38,3.26,3.02,3.14,3.58,3.29,3.2,3,3.17,3.12,3.37,3.67,3.8,3.83,3.87,3.96,4.07,4.3,4.25,4.5,4.19,4.01,3.88,4.09,3.87,3.95,4.09,3.94,3.98,4.12,4.55,4.66,4.67,4.27,4.25,4.22,3.85,3.94,3.3,3.17,2.67,2.92,3.19,3.35,3.23,2.89,3.03,2.38,2,1.32,1.61,1.72,1.51,1.39,1.84,1.89,1.94,1.79,1.89,1.9,1.62,1.88,1.66,1.65,2.03,2.49,2,1.75,1.82,1.53,1.58,1.59,1.94,1.9,1.91,2.15,2.13,2.11,1.91,1.86,1.71,1.27,1.07,1.23,1.1,0.99,1.06,1.22,1.32,1.53,1.16,1.04,1,1.23,1.16,1.17,1.16,1.2,1.25,1.08,1.1,1.03,1.18,1.35,1.27,1.32,1.42,1.22,1.19,1.2,1.16,1.19,1.23,1.18,1.11,1.2,1.14,1.12,1.17,1.16,1.11,1.06,0.43,0.45,0.48,0.68,0.64,0.59,0.45,0.44,0.54,0.56,0.68,0.5,0.42,0.48,0.52,0.73,0.67,0.55,0.58
Selected Government of Canada benchmark bond yields: 5 year,5.18,5.36,5.17,4.99,5.17,5.34,5.09,5.26,5.11,5.32,5.21,5.28,5.42,5.62,4.78,4.69,5.03,4.76,4.76,5.22,4.95,4.98,5.34,5.35,5.53,5.51,5.67,6.2,5.98,6.11,6.38,6.29,6.13,6.17,6.17,6.04,6,5.92,5.76,5.75,5.59,5.3,5.14,5.09,5.03,5.23,5.61,5.39,5.36,4.93,4.62,4.08,4.68,4.69,4.71,4.58,5.28,5.05,4.9,4.67,4.3,4.49,4.2,4.34,4.39,4.06,4.27,4.18,4.47,4.18,3.72,3.55,3.76,3.97,3.86,4.07,4.07,3.91,3.71,3.47,3.35,3.81,3.96,4.07,4.07,3.83,4,3.94,3.85,3.74,3.52,3.63,3.83,3.54,3.44,3.2,3.37,3.35,3.58,3.86,3.89,3.87,3.98,4.02,4.13,4.38,4.31,4.53,4.25,4.03,3.88,4.08,3.85,3.95,4.08,3.95,3.99,4.11,4.53,4.62,4.63,4.3,4.29,4.23,3.91,3.98,3.5,3.4,2.93,3.04,3.34,3.42,3.37,3.03,3.13,2.8,2.48,1.69,2.03,2.11,1.95,2.01,2.57,2.57,2.66,2.65,2.57,2.7,2.41,2.74,2.46,2.54,2.9,3.09,2.55,2.32,2.44,2.08,2.01,2.06,2.48,2.45,2.56,2.61,2.71,2.65,2.4,2.3,2.15,1.68,1.44,1.6,1.46,1.28,1.36,1.44,1.57,1.69,1.31,1.21,1.16,1.38,1.31,1.34,1.31,1.37,1.5,1.32,1.29,1.19,1.47,1.84,1.74,1.9,1.89,1.71,1.73,1.9,1.57,1.63,1.69,1.67,1.5,1.57,1.52,1.52,1.66,1.56,1.46,1.34,0.69,0.74,0.75,0.98,0.96,0.95,0.83,0.72,0.81,0.82,0.92,0.74,0.68,0.64,0.66,0.89,0.79,0.62,0.65
Selected Government of Canada benchmark bond yields: 7 year,5.51,5.73,5.38,5.2,5.34,5.48,5.23,5.35,5.2,5.39,5.27,5.33,5.46,5.69,4.84,4.79,5.11,4.82,4.87,5.28,5.05,5.12,5.44,5.48,5.63,5.57,5.75,6.28,6.04,6.18,6.45,6.32,6.16,6.2,6.19,6.06,6.01,5.92,5.82,5.8,5.62,5.34,5.2,5.14,5.3,5.52,5.86,5.63,5.64,5.23,5,4.54,5.1,5.13,5.11,5,5.58,5.35,5.21,5,4.75,4.84,4.59,4.76,4.79,4.47,4.62,4.54,4.79,4.53,4.09,3.92,4.23,4.41,4.27,4.48,4.45,4.3,4.17,3.94,3.83,4.26,4.38,4.46,4.45,4.4,4.3,4.23,4.14,4.08,3.87,3.96,4.12,3.84,3.74,3.49,3.63,3.57,3.74,3.99,3.94,3.87,4.03,4.05,4.19,4.45,4.39,4.58,4.31,4.06,3.92,4.11,3.87,3.98,4.12,3.98,4.03,4.12,4.5,4.63,4.59,4.33,4.34,4.24,3.97,4.02,3.66,3.55,3.13,3.22,3.49,3.55,3.57,3.25,3.41,3.27,2.87,2.13,2.42,2.31,2.16,2.26,2.84,2.82,2.91,2.74,2.82,2.97,2.74,3.08,2.81,2.91,3.1,3.28,2.75,2.56,2.66,2.19,2.11,2.38,2.75,2.73,2.85,2.89,2.88,2.83,2.73,2.66,2.46,2.02,1.73,1.9,1.71,1.52,1.58,1.58,1.72,1.81,1.51,1.44,1.35,1.54,1.47,1.51,1.46,1.55,1.7,1.53,1.56,1.42,1.78,2.2,2.11,2.26,2.19,2,2.04,2.17,1.84,1.95,2.02,1.99,1.82,1.86,1.78,1.65,1.82,1.73,1.61,1.46,1,0.97,0.99,1.27,1.33,1.4,1.12,1.05,1.11,1.11,1.23,1.04,1.02,0.95,1,1.2,1.06,0.82,0.81
Selected Government of Canada benchmark bond yields: 10 years,5.8,6.06,5.7,5.49,5.56,5.61,5.41,5.47,5.34,5.49,5.34,5.35,5.47,5.67,4.95,5,5.18,4.89,4.89,5.26,5.05,5.14,5.42,5.46,5.62,5.55,5.77,6.26,6.02,6.18,6.44,6.19,6.03,6.1,6,5.93,5.86,5.77,5.75,5.72,5.54,5.35,5.39,5.36,5.41,5.66,5.96,5.73,5.76,5.36,5.32,4.86,5.36,5.44,5.42,5.31,5.79,5.64,5.49,5.37,5.23,5.14,4.92,5.16,5.18,4.88,5.02,4.93,5.13,4.9,4.5,4.37,4.78,4.96,4.64,4.85,4.79,4.66,4.61,4.41,4.33,4.71,4.77,4.83,4.82,4.68,4.58,4.52,4.44,4.39,4.21,4.28,4.39,4.14,4.02,3.81,3.91,3.78,3.94,4.16,4.06,3.93,4.11,4.1,4.23,4.52,4.45,4.63,4.38,4.12,3.98,4.17,3.94,4.05,4.17,4.03,4.1,4.15,4.48,4.62,4.58,4.38,4.41,4.31,4.07,4.09,3.88,3.81,3.46,3.58,3.68,3.71,3.81,3.52,3.66,3.74,3.36,2.69,2.97,2.95,2.96,3.08,3.57,3.45,3.53,3.39,3.31,3.45,3.25,3.6,3.35,3.45,3.56,3.66,3.25,3.08,3.22,2.83,2.74,2.89,3.19,3.16,3.31,3.32,3.29,3.27,3.08,3.09,2.88,2.49,2.19,2.38,2.15,1.96,2.04,1.98,2.12,2.1,1.79,1.72,1.6,1.8,1.75,1.78,1.72,1.82,1.99,1.86,1.76,1.72,2.07,2.5,2.45,2.63,2.57,2.42,2.54,2.72,2.36,2.44,2.45,2.4,2.22,2.26,2.16,2,2.2,2.05,1.93,1.79,1.35,1.32,1.33,1.59,1.67,1.77,1.52,1.45,1.45,1.47,1.59,1.4,1.24,1.15,1.22,1.5,1.38,1.12,1.07
Selected Government of Canada benchmark bond yields: long term,6.32,6.63,6.26,6.05,5.96,5.95,5.81,5.78,5.7,5.76,5.61,5.52,5.61,5.83,5.32,5.45,5.47,5.23,5.23,5.43,5.36,5.41,5.58,5.63,5.74,5.68,5.91,6.36,6.1,6.23,6.27,5.83,5.84,5.92,5.63,5.61,5.55,5.51,5.67,5.61,5.51,5.56,5.72,5.66,5.79,5.97,6.03,5.89,5.94,5.67,5.86,5.31,5.59,5.69,5.68,5.69,5.98,5.92,5.78,5.74,5.73,5.58,5.43,5.63,5.58,5.42,5.49,5.46,5.58,5.41,5.12,5.03,5.4,5.44,5.23,5.38,5.29,5.2,5.23,5.09,5.04,5.31,5.32,5.33,5.29,5.15,5.04,5,4.9,4.92,4.74,4.76,4.77,4.59,4.46,4.29,4.31,4.12,4.21,4.37,4.18,4.02,4.2,4.15,4.23,4.57,4.5,4.67,4.45,4.2,4.07,4.24,4.02,4.1,4.22,4.09,4.21,4.2,4.39,4.56,4.49,4.44,4.5,4.38,4.23,4.18,4.19,4.18,3.96,4.08,4.12,4.05,4.16,4.01,4.13,4.27,3.94,3.45,3.72,3.69,3.74,3.82,4.19,3.91,4.05,3.9,3.84,3.96,3.85,4.07,3.96,4.05,4.07,4.04,3.68,3.65,3.77,3.47,3.33,3.5,3.65,3.54,3.75,3.75,3.72,3.74,3.5,3.53,3.35,3.1,2.83,3.02,2.69,2.5,2.64,2.6,2.67,2.65,2.33,2.32,2.22,2.37,2.33,2.38,2.3,2.37,2.57,2.53,2.49,2.38,2.65,2.96,2.97,3.09,3.09,3.01,3.14,3.2,2.94,2.96,2.96,2.93,2.76,2.82,2.7,2.57,2.73,2.59,2.48,2.33,1.93,1.95,1.97,2.19,2.25,2.38,2.2,2.2,2.21,2.26,2.29,2.16,2.05,1.93,2,2.06,2.01,1.76,1.69
"Government of Canada marketable bonds, average yield: 1-3 year 9",4.66,4.66,4.61,4.53,4.82,5.22,4.9,5.13,5,5.23,5.17,5.28,5.36,5.56,4.87,4.67,5.06,4.84,4.83,5.21,4.93,4.86,5.21,5.22,5.46,5.4,5.48,6.03,5.78,5.86,6.04,6.05,6.06,6.08,6.26,6.06,5.98,5.9,5.77,5.75,5.67,5.29,4.91,4.83,4.66,4.71,4.93,4.9,4.75,4.27,3.59,2.88,3.29,3.28,3.33,3.34,4.23,3.92,3.92,3.76,3.31,3.5,3.42,3.3,3.37,3.23,3.55,3.48,3.85,3.6,3.2,3.05,2.87,3.17,2.95,3.06,3.1,3.02,2.71,2.46,2.34,2.69,2.91,3.18,3.2,3.01,3.22,3.18,3.13,3.06,2.83,2.97,3.25,2.97,2.91,2.83,3.02,2.97,3.28,3.58,3.77,3.8,3.83,3.92,4,4.19,4.22,4.49,4.2,4.04,3.91,4.1,3.92,3.98,4.1,3.97,4.01,4.17,4.56,4.66,4.71,4.28,4.22,4.22,3.84,3.91,3.22,3.1,2.63,2.74,3.05,3.27,3.1,2.76,2.93,2.16,1.79,1.11,1.39,1.27,1.1,0.8,1.04,1.33,1.33,1.2,1.3,1.31,1.06,1.41,1.21,1.19,1.63,1.89,1.44,1.45,1.55,1.21,1.42,1.43,1.7,1.68,1.64,1.69,1.72,1.74,1.57,1.55,1.47,1.12,0.95,1.09,1.01,0.95,1.03,1.12,1.19,1.42,1.1,1,0.98,1.16,1.1,1.08,1.1,1.13,1.17,1.02,1.01,0.99,1.09,1.25,1.18,1.24,1.21,1.09,1.07,1.1,0.98,1.02,1.06,1.05,1.03,1.1,1.09,1.09,1.13,1.05,1.02,1,0.46,0.46,0.49,0.67,0.64,0.59,0.45,0.4,0.52,0.54,0.62,0.48,0.43,0.49,0.53,0.67,0.63,0.54,0.57
"Government of Canada marketable bonds, average yield: 3-5 year 9",5.16,5.31,5.08,4.94,5.13,5.37,5.08,5.27,5.13,5.34,5.23,5.31,5.44,5.66,4.83,4.76,5.09,4.81,4.83,5.28,5,5,5.36,5.38,5.56,5.53,5.68,6.24,6.01,6.14,6.39,6.31,6.17,6.2,6.21,6.08,6.03,5.94,5.81,5.79,5.63,5.32,5.13,5.06,4.99,5.17,5.52,5.34,5.3,4.86,4.42,3.83,4.39,4.54,4.56,4.45,5.2,4.94,4.8,4.6,4.22,4.21,4.05,4.15,4.2,3.93,4.15,4.06,4.37,4.09,3.6,3.5,3.67,3.89,3.67,3.88,3.88,3.75,3.52,3.26,3.14,3.59,3.77,4.01,4.01,3.77,3.84,3.79,3.7,3.58,3.37,3.48,3.7,3.42,3.32,3.17,3.35,3.22,3.51,3.8,3.86,3.85,3.95,4,4.11,4.34,4.29,4.53,4.25,4.01,3.87,4.07,3.85,3.94,4.08,3.94,3.98,4.11,4.54,4.64,4.64,4.28,4.28,4.22,3.88,3.96,3.45,3.35,2.88,2.99,3.24,3.4,3.33,2.98,3.12,2.73,2.39,1.61,1.96,1.85,1.69,1.63,2.11,2.44,2.49,2.33,2.32,2.42,2.12,2.48,2.21,2.26,2.59,2.8,2.28,2.2,2.29,1.79,1.79,1.84,2.24,2.23,2.31,2.36,2.38,2.34,2.1,2.1,1.92,1.49,1.3,1.46,1.31,1.18,1.25,1.32,1.47,1.62,1.25,1.18,1.12,1.31,1.25,1.27,1.25,1.32,1.43,1.25,1.21,1.13,1.35,1.69,1.57,1.72,1.72,1.53,1.51,1.62,1.33,1.34,1.47,1.44,1.31,1.47,1.42,1.35,1.52,1.43,1.32,1.21,0.57,0.53,0.59,0.8,0.76,0.8,0.58,0.53,0.68,0.7,0.8,0.63,0.51,0.53,0.6,0.8,0.72,0.6,0.62
"Government of Canada marketable bonds, average yield: 5-10 year 9",5.59,5.82,5.49,5.31,5.43,5.54,5.31,5.41,5.27,5.44,5.31,5.34,5.47,5.7,4.92,4.95,5.17,4.88,4.89,5.28,5.07,5.12,5.44,5.47,5.62,5.56,5.77,6.28,6.04,6.19,6.44,6.27,6.12,6.16,6.13,6.01,5.95,5.86,5.8,5.78,5.59,5.35,5.33,5.27,5.28,5.51,5.84,5.63,5.64,5.23,5.08,4.61,5.15,5.25,5.23,5.1,5.65,5.45,5.3,5.19,5,4.88,4.7,4.9,4.91,4.6,4.76,4.66,4.9,4.64,4.21,4.16,4.52,4.67,4.4,4.61,4.57,4.42,4.31,4.08,3.98,4.4,4.49,4.65,4.64,4.43,4.38,4.32,4.22,4.16,3.96,4.04,4.19,3.92,3.81,3.65,3.77,3.59,3.79,4.04,3.98,3.89,4.05,4.07,4.2,4.47,4.4,4.61,4.35,4.07,3.94,4.13,3.9,4.01,4.14,3.99,4.05,4.13,4.49,4.63,4.59,4.35,4.36,4.27,4,4.04,3.74,3.64,3.23,3.34,3.5,3.62,3.65,3.34,3.5,3.43,3.03,2.3,2.55,2.44,2.29,2.37,2.91,3.13,3.2,3.05,2.93,3.08,2.83,3.28,2.99,3.09,3.25,3.38,2.85,2.84,2.96,2.5,2.41,2.52,2.86,2.9,3.02,3.04,3,2.95,2.68,2.79,2.56,2.13,1.92,2.07,1.85,1.66,1.73,1.69,1.88,1.91,1.52,1.51,1.4,1.59,1.56,1.59,1.53,1.62,1.77,1.61,1.55,1.41,1.75,2.27,2.18,2.34,2.3,2.13,2.19,2.34,1.98,1.93,2.01,1.97,1.79,1.98,1.89,1.75,1.97,1.83,1.71,1.57,0.98,0.95,0.99,1.25,1.29,1.5,1.22,1.13,1.22,1.23,1.33,1.14,0.97,0.89,0.99,1.18,1.04,0.89,0.86
"Government of Canada marketable bonds, average yield: over 10 years 9",6.11,6.38,5.99,5.8,5.78,5.8,5.63,5.64,5.54,5.64,5.49,5.45,5.56,5.78,5.15,5.27,5.35,5.08,5.08,5.37,5.23,5.34,5.54,5.63,5.74,5.69,5.92,6.38,6.12,6.25,6.36,5.98,5.96,6.03,5.94,5.9,5.83,5.79,5.83,5.79,5.63,5.59,5.71,5.63,5.74,5.94,6.08,5.97,6.01,5.72,5.86,5.32,5.66,5.75,5.72,5.68,6,5.89,5.76,5.73,5.7,5.55,5.38,5.61,5.55,5.37,5.45,5.39,5.52,5.34,5.01,4.98,5.35,5.4,5.19,5.33,5.24,5.14,5.15,4.98,4.94,5.23,5.23,5.3,5.29,5.14,5.02,4.96,4.87,4.86,4.69,4.71,4.75,4.55,4.41,4.27,4.31,4.11,4.21,4.38,4.2,4.04,4.22,4.17,4.26,4.59,4.51,4.69,4.46,4.22,4.08,4.25,4.03,4.11,4.23,4.1,4.21,4.21,4.43,4.59,4.52,4.44,4.5,4.39,4.22,4.18,4.17,4.14,3.91,4.02,4.07,4.07,4.18,4.02,4.14,4.31,4,3.45,3.74,3.7,3.63,3.72,4.11,3.96,4.1,3.96,3.87,3.98,3.84,4.08,3.92,3.98,3.99,3.99,3.58,3.59,3.71,3.39,3.25,3.38,3.6,3.51,3.71,3.69,3.66,3.67,3.41,3.47,3.28,3,2.74,2.91,2.61,2.42,2.55,2.48,2.56,2.55,2.2,2.24,2.14,2.28,2.24,2.27,2.2,2.27,2.47,2.39,2.34,2.19,2.48,2.9,2.88,3,3,2.87,3.01,3.09,2.8,2.8,2.82,2.76,2.6,2.72,2.59,2.44,2.61,2.46,2.36,2.22,1.75,1.76,1.79,2.01,2.08,2.29,2.09,2.08,2.09,2.13,2.17,2.04,1.9,1.78,1.86,1.94,1.87,1.67,1.6
Chartered bank - 90 day term deposits (Terminated) 3 4,1.88t,1.88t,1.88t,1.88t,1.88t,2.55t,2.55t,3.05t,3.05t,3.05t,3.05t,3.05t,3.05t,3.05t,3.50t,3.25t,3.25t,3.05t,3.05t,3.05t,3.05t,2.80t,2.60t,2.75t,2.75t,2.75t,2.75t,3.00t,3.00t,3.00t,3.00t,3.00t,3.10t,3.10t,3.70t,3.70t,3.70t,3.70t,3.70t,3.70t,3.70t,3.70t,3.40t,3.30t,2.85t,2.85t,2.70t,2.75t,2.75t,2.25t,1.50t,1.00t,0.85t,0.85t,0.60t,0.65t,0.65t,0.65t,0.75t,0.75t,0.75t,0.75t,1.10t,1.10t,1.10t,1.10t,1.10t,1.10t,1.10t,1.10t,1.10t,1.10t,1.10t,1.10t,1.10t,1.10t,1.10t,1.10t,0.95t,0.95t,0.75t,0.75t,0.75t,0.75t,0.75t,0.75t,0.75t,0.75t,0.75t,0.75t,0.75t,0.75t,0.75t,0.75t,0.75t,0.75t,0.75t,0.75t,0.75t,0.85t,0.95t,0.95t,0.95t,1.55t,1.55t,1.55t,2.10t,2.10t,2.10t,2.00t,2.00t,2.00t,2.00t,2.00t,2.00t,2.00t,2.00t,2.10t,2.10t,2.10t,2.10t,2.20t,2.20t,2.20t,2.00t,2.00t,2.00t,1.80t,1.55t,1.55t,1.55t,1.55t,1.55t,1.55t,1.55t,1.30t,1.30t,0.75t,0.40t,0.25t,0.05t,0.05t,0.05t,0.05t,0.05t,0.05t,0.05t,0.05t,0.05t,0.05t,0.05t,0.05t,0.05t,0.05t,0.05t,0.05t,0.05t,0.05t,0.50t,0.50t,0.50t,0.50t,0.50t,0.50t,0.50t,0.50t,0.50t,0.50t,0.50t,0.50t,0.35t,0.45t,0.45t,0.45t,0.45t,0.45t,0.45t,0.45t,0.45t,0.45t,0.45t,0.45t,0.55t,0.55t,0.55t,0.55t,0.55t,0.55t,0.55t,0.55t,0.55t,0.55t,0.55t,0.55t,0.55t,0.55t,0.55t,0.55t,0.55t,0.55t,0.55t,0.55t,0.55t,0.55t,0.55t,0.55t,0.55t,0.55t,0.55t,0.55t,0.05t,0.05t,0.05t,0.05t,0.05t,0.05t,0.10t,0.10t,0.10t,0.10t,0.10t,0.10t,0.10t,0.10t,0.10t,0.10t,0.10t,0.10t,0.10t
Chartered bank - conventional mortgage: 1 year (Terminated) 3 4,5.65t,5.65t,5.65t,5.65t,5.65t,6.65t,6.40t,6.40t,6.40t,6.55t,6.55t,6.55t,6.55t,6.75t,6.75t,6.50t,6.40t,6.20t,6.40t,6.40t,6.45t,6.30t,6.30t,6.75t,7.05t,7.05t,6.80t,7.35t,7.35t,7.35t,7.60t,7.60t,7.70t,7.70t,8.30t,8.10t,7.90t,7.90t,7.90t,7.90t,7.90t,7.70t,7.40t,7.20t,6.70t,6.80t,6.70t,6.70t,6.45t,6.20t,5.45t,4.90t,4.60t,4.60t,4.55t,4.55t,5.30t,5.40t,5.55t,5.55t,5.35t,5.35t,5.30t,5.30t,4.90t,4.90t,4.90t,4.90t,5.35t,5.35t,5.05t,4.85t,4.55t,4.55t,4.55t,4.55t,4.75t,4.75t,4.30t,4.30t,4.30t,4.45t,4.55t,4.70t,4.60t,4.40t,4.80t,4.90t,5.00t,4.80t,4.80t,4.80t,5.05t,4.90t,4.85t,4.75t,4.90t,5.00t,5.00t,5.25t,5.60t,5.80t,5.80t,5.85t,6.05t,6.25t,6.25t,6.60t,6.60t,6.40t,6.40t,6.40t,6.40t,6.30t,6.50t,6.50t,6.40t,6.60t,6.85t,7.05t,7.05t,7.05t,7.05t,7.25t,7.20t,7.35t,7.35t,7.25t,7.15t,6.95t,6.15t,6.95t,6.95t,6.65t,6.65t,6.35t,6.35t,5.60t,5.00t,5.00t,4.50t,3.90t,3.90t,3.75t,3.75t,3.75t,3.70t,3.80t,3.60t,3.60t,3.60t,3.60t,3.60t,3.80t,3.70t,3.60t,3.50t,3.30t,3.30t,3.20t,3.35t,3.35t,3.35t,3.50t,3.50t,3.70t,3.70t,3.50t,3.50t,3.50t,3.50t,3.50t,3.50t,3.50t,3.50t,3.20t,3.20t,3.20t,3.20t,3.20t,3.10t,3.10t,3.10t,3.10t,3.10t,3.00t,3.00t,3.00t,3.00t,3.00t,3.00t,3.14t,3.14t,3.14t,3.14t,3.14t,3.14t,3.14t,3.14t,3.14t,3.14t,3.14t,3.14t,3.14t,3.14t,3.14t,3.14t,3.14t,3.14t,3.14t,3.14t,2.89t,2.89t,2.89t,2.89t,2.89t,2.89t,2.89t,2.89t,2.89t,3.14t,3.14t,3.14t,3.14t,3.14t,3.14t,3.14t,3.14t,3.14t
Chartered bank - conventional mortgage: 3 year (Terminated) 3 4,6.50t,6.50t,6.50t,6.35t,6.35t,7.00t,6.70t,6.70t,6.70t,6.80t,6.80t,6.80t,6.80t,7.00t,7.00t,6.60t,6.85t,6.45t,6.75t,6.75t,6.80t,6.75t,7.00t,7.45t,7.60t,7.65t,7.55t,8.05t,8.05t,8.05t,8.30t,8.30t,8.15t,8.15t,8.55t,8.30t,8.10t,8.10t,8.10t,8.10t,8.10t,7.80t,7.55t,7.55t,6.95t,7.10t,7.30t,7.30t,7.30t,7.15t,6.70t,6.15t,5.75t,5.75t,6.05t,5.75t,6.60t,6.75t,6.75t,6.60t,6.40t,6.15t,6.05t,6.20t,6.00t,6.00t,6.00t,6.00t,6.25t,6.25t,5.60t,5.20t,5.45t,5.70t,5.80t,5.80t,5.90t,5.90t,5.40t,5.20t,5.10t,5.55t,5.80t,6.10t,5.90t,5.70t,5.80t,5.85t,5.80t,5.60t,5.60t,5.60t,5.85t,5.60t,5.60t,5.35t,5.40t,5.40t,5.40t,5.60t,5.65t,6.00t,6.00t,6.10t,6.20t,6.45t,6.45t,6.75t,6.75t,6.60t,6.50t,6.65t,6.50t,6.40t,6.60t,6.60t,6.50t,6.70t,7.20t,7.30t,7.30t,7.30t,7.30t,7.40t,7.35t,7.55t,7.40t,7.30t,7.20t,7.00t,6.15t,6.65t,7.00t,6.70t,6.70t,7.05t,7.05t,6.25t,5.75t,5.15t,4.65t,4.15t,4.15t,4.55t,4.55t,4.55t,4.35t,4.45t,4.25t,4.25t,4.25t,4.15t,4.35t,4.75t,4.60t,4.50t,4.40t,4.10t,4.10t,4.00t,4.25t,4.15t,4.15t,4.35t,4.35t,4.55t,4.55t,4.25t,4.35t,4.35t,4.35t,4.05t,4.05t,4.05t,4.05t,3.95t,3.95t,3.95t,3.95t,3.95t,3.95t,4.05t,3.85t,3.70t,3.70t,3.70t,3.65t,3.65t,3.55t,3.55t,3.55t,3.65t,3.75t,3.95t,3.95t,3.95t,3.95t,3.95t,3.75t,3.75t,3.75t,3.75t,3.75t,3.75t,3.75t,3.75t,3.75t,3.44t,3.44t,3.44t,3.44t,3.39t,3.39t,3.39t,3.39t,3.39t,3.39t,3.39t,3.39t,3.39t,3.39t,3.39t,3.39t,3.39t,3.39t,3.39t,3.39t,3.39t,3.39t
Chartered bank - conventional mortgage: 5 year (Terminated) 3 4,7.00t,7.00t,6.85t,6.70t,6.70t,7.05t,6.85t,6.85t,6.85t,6.95t,6.95t,6.95t,6.95t,7.15t,7.15t,6.75t,7.15t,6.60t,6.90t,6.90t,6.95t,6.95t,7.30t,7.70t,7.75t,7.80t,7.70t,8.25t,8.25t,8.25t,8.55t,8.55t,8.35t,8.35t,8.75t,8.45t,8.25t,8.25t,8.25t,8.25t,8.25t,7.95t,7.75t,7.75t,7.25t,7.50t,7.75t,7.75t,7.75t,7.60t,7.15t,6.90t,6.85t,6.85t,7.00t,6.85t,7.30t,7.45t,7.40t,7.25t,7.05t,6.80t,6.70t,7.00t,6.70t,6.70t,6.45t,6.60t,6.85t,6.65t,6.15t,5.80t,6.20t,6.35t,6.30t,6.40t,6.50t,6.45t,6.05t,5.80t,5.70t,6.15t,6.55t,6.70t,6.55t,6.30t,6.30t,6.40t,6.30t,6.05t,6.05t,6.05t,6.25t,6.05t,5.95t,5.70t,5.80t,5.80t,5.80t,6.00t,6.15t,6.30t,6.30t,6.45t,6.45t,6.75t,6.75t,6.95t,6.95t,6.85t,6.70t,6.80t,6.55t,6.45t,6.65t,6.65t,6.49t,6.64t,7.14t,7.24t,7.24t,7.24t,7.19t,7.44t,7.39t,7.54t,7.39t,7.29t,7.19t,6.99t,6.65t,7.15t,7.15t,6.85t,6.85t,7.20t,7.20t,6.75t,5.79t,5.79t,5.55t,5.25t,5.25t,5.85t,5.85t,5.85t,5.49t,5.84t,5.59t,5.49t,5.49t,5.39t,5.85t,6.25t,5.99t,5.89t,5.79t,5.39t,5.39t,5.29t,5.44t,5.19t,5.19t,5.44t,5.34t,5.69t,5.59t,5.39t,5.39t,5.39t,5.19t,5.29t,5.29t,5.29t,5.29t,5.24t,5.24t,5.44t,5.34t,5.24t,5.24t,5.24t,5.24t,5.24t,5.24t,5.24t,5.24t,5.24t,5.14t,5.14t,5.14t,5.14t,5.14t,5.34t,5.34t,5.34t,5.34t,5.34t,5.24t,5.24t,4.99t,4.79t,4.79t,4.79t,4.79t,4.79t,4.79t,4.79t,4.79t,4.79t,4.79t,4.74t,4.74t,4.64t,4.64t,4.64t,4.64t,4.64t,4.64t,4.64t,4.64t,4.64t,4.64t,4.64t,4.64t,4.64t,4.64t,4.64t,4.74t
Chartered bank - 5 year personal fixed term (Terminated) 3 4,4.50t,4.50t,4.25t,4.25t,4.25t,4.50t,4.20t,4.25t,4.25t,4.15t,4.35t,4.35t,4.35t,4.55t,4.25t,4.00t,4.40t,3.85t,4.05t,4.05t,4.30t,4.10t,4.30t,4.80t,4.60t,5.15t,4.80t,5.35t,5.35t,5.35t,5.60t,5.60t,5.35t,5.35t,5.60t,5.30t,5.05t,5.05t,5.05t,5.05t,5.05t,4.60t,4.45t,4.45t,4.05t,4.05t,4.05t,4.05t,4.05t,4.05t,3.60t,3.35t,3.30t,3.30t,3.40t,3.75t,3.75t,4.00t,4.00t,4.00t,3.75t,3.80t,3.50t,3.80t,3.80t,3.80t,3.35t,3.35t,3.35t,3.35t,3.10t,2.55t,2.80t,2.80t,2.80t,2.80t,2.80t,2.80t,2.50t,2.50t,2.25t,2.75t,3.00t,3.13t,3.03t,2.78t,2.63t,2.78t,2.78t,2.53t,2.63t,2.63t,2.73t,2.53t,2.53t,2.23t,2.23t,2.23t,2.23t,2.43t,2.53t,2.53t,2.53t,2.88t,2.88t,2.88t,3.18t,3.18t,3.18t,2.98t,2.88t,2.88t,2.78t,2.68t,2.68t,2.93t,2.73t,2.73t,3.13t,3.45t,3.60t,3.23t,3.23t,3.23t,2.98t,3.10t,2.88t,2.98t,2.63t,2.63t,2.75t,2.95t,2.95t,2.95t,2.95t,2.95t,2.83t,2.23t,1.95t,1.95t,1.95t,1.65t,1.65t,1.65t,1.73t,1.73t,1.73t,1.73t,1.75t,1.63t,1.63t,1.63t,1.75t,1.85t,2.35t,1.85t,1.85t,1.75t,1.85t,1.85t,1.85t,1.85t,1.85t,1.85t,1.85t,1.85t,1.85t,1.95t,1.95t,1.28t,1.30t,1.60t,1.60t,1.60t,1.60t,1.85t,1.45t,1.45t,1.45t,1.45t,1.45t,1.45t,1.45t,1.80t,1.80t,1.80t,1.45t,1.45t,1.45t,1.45t,1.45t,1.45t,1.45t,1.45t,1.45t,1.45t,1.45t,1.45t,1.45t,1.45t,1.45t,1.45t,1.45t,1.45t,1.45t,1.45t,1.45t,1.45t,1.45t,1.45t,1.28t,1.25t,1.25t,1.25t,1.25t,1.25t,1.25t,1.25t,1.25t,1.25t,1.25t,1.25t,1.25t,1.25t,1.15t,1.15t,1.15t,1.15t,1.15t
"Chartered bank - daily interest savings (balance over $100,000) (Terminated) 3 4",2.34t,2.15t,1.99t,2.65t,2.59t,3.48t,3.20t,3.59t,3.60t,3.85t,3.77t,3.90t,3.95t,3.90t,3.96t,3.76t,3.84t,3.72t,3.68t,3.86t,3.77t,3.62t,3.34t,3.54t,3.56t,3.76t,3.56t,3.72t,3.69t,3.80t,3.95t,3.97t,4.15t,4.32t,4.62t,4.37t,4.50t,4.49t,4.50t,4.50t,4.56t,4.43t,4.14t,3.50t,3.50t,3.35t,3.00t,3.00t,2.50t,2.51t,2.10t,1.50t,1.25t,1.25t,1.00t,1.00t,1.00t,1.00t,1.00t,1.00t,1.00t,1.00t,1.00t,1.00t,1.00t,1.00t,1.00t,1.00t,1.00t,1.00t,1.00t,1.00t,1.00t,0.75t,0.75t,0.75t,0.75t,0.75t,0.75t,0.75t,0.75t,0.75t,0.75t,0.75t,0.75t,0.75t,0.75t,0.75t,0.75t,0.75t,0.75t,0.75t,0.75t,0.75t,0.75t,0.75t,0.75t,0.75t,0.75t,0.75t,0.75t,0.75t,0.75t,0.75t,0.75t,0.75t,0.75t,0.75t,0.50t,0.50t,0.50t,0.50t,0.50t,0.50t,0.50t,0.50t,0.50t,0.50t,0.50t,0.50t,0.50t,0.50t,0.50t,0.50t,0.50t,0.50t,0.50t,0.50t,0.50t,0.50t,0.50t,0.25t,0.25t,0.25t,0.25t,0.25t,0.25t,0.25t,0.25t,0.25t,0.25t,0.25t,0.25t,0.25t,0.25t,0.20t,0.20t,0.20t,0.20t,0.20t,0.20t,0.20t,0.20t,0.20t,0.20t,0.20t,0.20t,0.25t,0.25t,0.25t,0.25t,0.25t,0.25t,0.25t,0.25t,0.15t,0.15t,0.15t,0.15t,0.15t,0.15t,0.15t,0.15t,0.15t,0.15t,0.15t,0.15t,0.15t,0.15t,0.15t,0.15t,0.15t,0.15t,0.15t,0.15t,0.15t,0.15t,0.15t,0.15t,0.15t,0.15t,0.15t,0.15t,0.15t,0.15t,0.15t,0.15t,0.15t,0.15t,0.15t,0.15t,0.15t,0.15t,0.15t,0.15t,0.15t,0.15t,0.15t,0.15t,0.15t,0.15t,0.15t,0.15t,0.15t,0.15t,0.15t,0.05t,0.05t,0.05t,0.05t,0.05t,0.05t,0.05t,0.05t,0.05t,0.05t,0.05t,0.05t,0.05t
Chartered bank - non-chequable savings deposits (Terminated) 3 4,0.50t,0.50t,0.50t,0.50t,0.50t,0.50t,0.50t,0.50t,0.20t,0.20t,0.20t,0.20t,0.20t,0.20t,0.20t,0.20t,0.20t,0.10t,0.10t,0.10t,0.10t,0.10t,0.10t,0.10t,0.10t,0.10t,0.10t,0.10t,0.10t,0.10t,0.10t,0.10t,0.10t,0.10t,0.10t,0.10t,0.10t,0.10t,0.10t,0.10t,0.10t,0.10t,0.10t,0.10t,0.10t,0.10t,0.10t,0.10t,0.10t,0.10t,0.10t,0.10t,0.10t,0.10t,0.10t,0.05t,0.05t,0.05t,0.05t,0.05t,0.05t,0.05t,0.05t,0.05t,0.05t,0.05t,0.05t,0.05t,0.05t,0.05t,0.05t,0.05t,0.05t,0.05t,0.05t,0.05t,0.05t,0.05t,0.05t,0.05t,0.05t,0.05t,0.05t,0.05t,0.05t,0.05t,0.05t,0.05t,0.05t,0.05t,0.05t,0.05t,0.05t,0.05t,0.05t,0.05t,0.05t,0.05t,0.05t,0.05t,0.05t,0.05t,0.05t,0.05t,0.05t,0.05t,0.05t,0.05t,0.05t,0.05t,0.05t,0.05t,0.05t,0.05t,0.05t,0.05t,0.05t,0.05t,0.10t,0.10t,0.10t,0.10t,0.10t,0.10t,0.10t,0.10t,0.10t,0.10t,0.10t,0.10t,0.10t,0.10t,0.10t,0.10t,0.10t,0.10t,0.10t,0.05t,0.05t,0.05t,0.05t,0.05t,0.05t,0.05t,0.05t,0.05t,0.05t,0.05t,0.05t,0.05t,0.05t,0.05t,0.05t,0.05t,0.05t,0.05t,0.05t,0.05t,0.05t,0.05t,0.05t,0.05t,0.05t,0.05t,0.05t,0.05t,0.05t,0.05t,0.05t,0.05t,0.05t,0.05t,0.05t,0.05t,0.05t,0.05t,0.05t,0.05t,0.05t,0.05t,0.05t,0.05t,0.05t,0.05t,0.05t,0.05t,0.05t,0.05t,0.05t,0.05t,0.05t,0.05t,0.05t,0.05t,0.05t,0.05t,0.05t,0.05t,0.05t,0.05t,0.05t,0.05t,0.05t,0.05t,0.05t,0.05t,0.05t,0.05t,0.05t,0.01t,0.01t,0.01t,0.01t,0.01t,0.01t,0.01t,0.05t,0.05t,0.05t,0.05t,0.05t,0.05t,0.05t,0.05t,0.05t,0.05t,0.05t,0.05t,0.05t
Chartered bank - Guaranteed Investment Certificates: 1 year (Terminated) 3 4,2.63t,2.88t,2.88t,2.88t,2.88t,3.68t,3.48t,3.58t,3.58t,3.48t,3.73t,3.73t,3.73t,3.93t,3.73t,3.63t,3.53t,3.33t,3.53t,3.53t,3.73t,3.43t,3.28t,3.83t,3.78t,4.33t,3.78t,4.23t,4.23t,4.23t,4.48t,4.48t,4.58t,4.58t,5.08t,4.88t,4.73t,4.73t,4.73t,4.73t,4.73t,4.28t,3.73t,3.73t,3.18t,3.18t,3.08t,3.18t,3.18t,2.68t,1.88t,1.43t,1.23t,1.23t,0.93t,1.18t,1.18t,1.48t,1.48t,1.88t,1.88t,1.88t,1.88t,1.88t,1.88t,1.88t,1.88t,1.88t,1.88t,1.88t,1.88t,1.88t,1.63t,1.63t,1.63t,1.43t,1.43t,1.43t,1.18t,1.18t,0.93t,0.93t,1.08t,1.28t,1.18t,0.98t,1.23t,1.38t,1.53t,1.43t,1.43t,1.43t,1.63t,1.48t,1.48t,1.28t,1.28t,1.28t,1.28t,1.78t,2.03t,2.03t,2.03t,2.63t,2.63t,2.63t,3.08t,3.08t,3.08t,2.93t,2.88t,2.88t,2.78t,2.68t,2.68t,2.98t,2.83t,2.83t,2.98t,3.13t,3.28t,3.08t,3.13t,3.13t,2.88t,2.88t,2.58t,2.38t,1.93t,1.93t,1.93t,2.13t,2.13t,2.13t,2.13t,1.78t,1.78t,1.08t,1.03t,0.88t,0.38t,0.28t,0.28t,0.28t,0.28t,0.28t,0.28t,0.28t,0.28t,0.28t,0.28t,0.28t,0.28t,0.75t,0.63t,0.88t,0.63t,0.63t,0.63t,0.63t,0.63t,1.15t,1.15t,1.15t,1.15t,1.15t,1.15t,0.98t,0.98t,0.63t,0.63t,1.00t,1.00t,1.15t,1.15t,1.15t,1.15t,1.15t,0.78t,1.30t,0.78t,0.78t,0.78t,0.78t,0.78t,0.78t,0.78t,0.78t,0.78t,0.78t,0.78t,0.78t,0.78t,0.78t,0.78t,0.78t,0.78t,0.78t,0.78t,0.78t,1.30t,1.30t,0.78t,0.78t,1.30t,1.30t,1.30t,1.30t,1.30t,1.30t,1.00t,0.78t,0.78t,0.78t,0.88t,0.88t,0.85t,0.72t,0.72t,0.72t,0.85t,0.85t,0.85t,0.85t,0.85t,0.85t,0.85t,0.85t,0.85t
Chartered bank - Guaranteed Investment Certificates: 3 year (Terminated) 3 4,3.88t,3.88t,3.88t,3.88t,3.88t,4.33t,3.93t,4.03t,4.03t,3.93t,4.13t,4.13t,4.13t,4.33t,4.08t,3.83t,4.08t,3.68t,3.88t,3.88t,4.13t,3.88t,3.93t,4.53t,4.38t,4.88t,4.63t,5.13t,5.13t,5.13t,5.38t,5.38t,5.13t,5.13t,5.43t,5.18t,5.03t,5.03t,5.03t,5.03t,5.03t,4.63t,4.08t,4.08t,3.58t,3.58t,3.58t,3.58t,3.58t,3.58t,3.13t,2.68t,2.58t,2.58t,2.58t,2.58t,2.58t,2.88t,2.88t,2.88t,2.68t,2.88t,2.88t,2.88t,2.88t,2.88t,2.88t,2.88t,2.88t,2.88t,2.68t,2.23t,2.23t,2.23t,2.23t,2.23t,2.23t,2.23t,1.98t,1.98t,1.73t,2.13t,2.28t,2.63t,2.53t,2.28t,2.23t,2.43t,2.43t,2.18t,2.18t,2.18t,2.38t,2.23t,2.23t,1.93t,1.93t,1.93t,1.93t,2.23t,2.33t,2.33t,2.33t,2.88t,2.88t,2.88t,3.28t,3.28t,3.28t,3.13t,3.03t,3.03t,2.98t,2.88t,2.88t,3.13t,2.93t,2.93t,3.13t,3.33t,3.48t,3.28t,3.28t,3.28t,3.03t,3.03t,3.03t,2.93t,2.43t,2.43t,2.43t,2.73t,2.73t,2.73t,2.73t,2.73t,2.73t,2.13t,1.78t,1.78t,1.68t,1.48t,1.48t,1.48t,1.48t,1.48t,1.48t,1.48t,1.33t,1.33t,1.33t,1.33t,1.33t,1.43t,1.43t,1.43t,1.43t,1.43t,1.43t,1.43t,1.43t,1.43t,1.43t,1.43t,1.43t,1.43t,1.43t,1.43t,1.43t,0.98t,0.98t,1.40t,1.40t,1.40t,1.40t,1.40t,1.13t,1.13t,1.13t,1.13t,1.13t,1.13t,1.13t,1.13t,1.13t,1.13t,1.13t,1.13t,1.13t,1.13t,1.13t,1.13t,1.13t,1.13t,1.13t,1.80t,1.80t,1.13t,1.13t,1.13t,1.13t,1.13t,1.13t,1.13t,1.13t,1.13t,1.13t,1.13t,1.13t,1.13t,1.12t,1.10t,1.05t,1.02t,1.02t,1.02t,1.02t,1.02t,1.02t,1.02t,1.02t,1.02t,1.02t,1.02t,1.15t,1.15t,1.15t,1.15t,1.15t
Chartered bank - Guaranteed Investment Certificates: 5 year (Terminated) 3 4,4.63t,4.63t,4.63t,4.38t,4.38t,4.63t,4.33t,4.38t,4.38t,4.28t,4.48t,4.48t,4.48t,4.68t,4.38t,4.13t,4.53t,3.98t,4.18t,4.18t,4.43t,4.23t,4.43t,4.93t,4.73t,5.28t,4.93t,5.48t,5.48t,5.48t,5.73t,5.73t,5.43t,5.43t,5.73t,5.43t,5.18t,5.18t,5.18t,5.18t,5.18t,4.73t,4.58t,4.58t,4.18t,4.18t,4.18t,4.18t,4.18t,4.18t,3.73t,3.53t,3.53t,3.53t,3.53t,3.88t,3.88t,4.13t,4.13t,4.13t,3.88t,3.93t,3.63t,3.93t,3.93t,3.93t,3.48t,3.48t,3.48t,3.48t,3.23t,2.80t,2.93t,2.93t,2.93t,2.93t,2.93t,2.93t,2.63t,2.63t,2.38t,2.88t,3.13t,3.38t,3.28t,3.03t,2.88t,3.03t,3.03t,2.78t,2.88t,2.88t,2.98t,2.78t,2.78t,2.48t,2.48t,2.48t,2.48t,2.68t,2.78t,2.78t,2.78t,3.13t,3.13t,3.13t,3.43t,3.43t,3.43t,3.23t,3.13t,3.13t,3.03t,2.93t,2.93t,3.18t,2.98t,2.98t,3.38t,3.58t,3.73t,3.48t,3.48t,3.48t,3.23t,3.23t,3.23t,3.23t,2.88t,2.88t,2.88t,3.08t,3.08t,3.08t,3.08t,3.08t,3.08t,2.48t,2.08t,2.08t,2.08t,1.78t,1.78t,1.78t,1.98t,1.98t,1.98t,1.98t,1.98t,1.88t,1.88t,1.88t,1.88t,1.98t,1.98t,2.10t,1.98t,1.98t,1.98t,1.98t,1.98t,1.98t,1.98t,1.98t,1.98t,1.98t,1.98t,1.98t,1.98t,1.53t,1.53t,1.85t,1.85t,1.85t,1.85t,1.63t,1.63t,1.63t,1.63t,1.63t,1.63t,1.63t,1.63t,1.63t,1.63t,1.63t,1.63t,1.63t,1.63t,1.63t,1.63t,1.63t,1.63t,1.63t,1.63t,1.63t,1.63t,1.63t,1.63t,1.63t,1.63t,2.20t,2.00t,2.00t,2.00t,2.00t,2.00t,2.00t,2.00t,2.00t,1.48t,1.38t,1.38t,1.38t,1.50t,1.50t,1.50t,1.50t,1.50t,1.50t,1.50t,1.50t,1.50t,1.50t,1.38t,1.38t,1.38t,1.38t,1.38t
Treasury bill auction - average yields: 1 month,..,..,..,..,..,..,..,..,..,..,..,..,..,..,..,..,..,..,..,..,..,..,..,..,..,..,..,..,..,..,..,..,..,..,..,..,..,..,..,..,..,..,..,..,..,..,..,..,..,..,..,..,..,..,..,..,..,..,..,..,..,..,..,..,..,..,..,..,..,..,..,..,..,..,..,..,..,..,..,..,..,..,..,..,..,..,..,..,..,..,..,..,..,..,..,..,..,..,..,..,..,..,..,..,..,..,..,..,..,..,..,..,..,..,..,..,..,..,..,..,..,..,..,..,..,..,..,..,..,..,..,..,..,..,..,..,..,..,..,..,..,..,..,..,..,..,..,..,..,..,..,..,..,..,..,..,..,..,..,..,..,..,..,..,..,..,..,..,..,..,..,..,..,..,..,..,..,..,..,..,..,..,..,..,..,..,..,..,..,..,..,..,..,..,..,..,..,..,..,..,..,..,..,..,..,..,..,..,..,..,..,..,..,..,..,..,..,..,..,..,..,..,..,..,..,..,..,..,..
Treasury bill auction - average yields: 3 month,3.321,3.13,3.099,3.628,3.574,4.46,4.183,4.571,4.565,4.825,4.75,4.882,4.926,4.876,4.936,4.744,4.815,4.697,4.658,4.835,4.749,4.601,4.42,4.622,4.636,4.834,4.687,4.85,4.815,4.93,5.076,5.051,5.277,5.449,5.751,5.551,5.625,5.622,5.564,5.619,5.736,5.557,5.142,4.804,4.604,4.41,4.401,4.242,4.029,3.805,3.039,2.54,2.207,1.996,1.966,2.07,2.343,2.41,2.622,2.738,2.849,2.996,2.826,2.805,2.734,2.669,2.813,2.861,3.142,3.241,3.197,3.127,2.808,2.7,2.597,2.651,2.714,2.59,2.26,2.133,1.99,1.944,2.018,2.042,2.084,2.14,2.412,2.583,2.556,2.477,2.437,2.464,2.546,2.461,2.451,2.473,2.581,2.758,2.813,3.025,3.304,3.395,3.49,3.712,3.788,3.974,4.175,4.3,4.157,4.129,4.165,4.169,4.177,4.161,4.156,4.184,4.173,4.168,4.286,4.418,4.562,4.009,4.105,3.968,3.92,3.862,3.455,3.239,2.025,2.702,2.727,2.691,2.417,2.518,1.877,2.215,1.835,0.945,0.927,0.801,0.416,0.247,0.197,0.243,0.241,0.238,0.222,0.232,0.228,0.202,0.179,0.17,0.289,0.401,0.427,0.579,0.641,0.692,0.893,0.915,0.982,0.998,0.986,0.967,0.918,0.979,0.959,0.915,0.934,0.932,0.868,0.865,0.886,0.826,0.877,0.941,0.926,1.042,1.006,0.902,0.972,1.034,1,1,0.988,0.98,0.934,0.96,0.978,0.993,0.999,1.024,1.013,0.995,0.986,0.915,0.939,0.888,0.891,0.866,0.88,0.939,0.915,0.928,0.946,0.936,0.918,0.878,0.895,0.912,0.592,0.467,0.528,0.647,0.665,0.576,0.427,0.376,0.413,0.393,0.442,0.497,0.481,0.462,0.462,0.541,0.551,0.494,0.504
"Treasury bill auction - average yields: 3 month, average at values",3.227,3.148,3.034,3.464,3.602,4.129,4.175,4.546,4.597,4.69,4.746,4.778,4.863,4.972,5.242,4.708,4.838,4.694,4.632,4.788,4.875,4.531,4.36,4.582,4.621,4.811,4.712,4.792,4.856,4.82,5.034,5.12,5.219,5.4,5.707,5.579,5.588,5.642,5.582,5.62,5.706,5.553,5.274,4.967,4.634,4.452,4.357,4.28,4.186,3.878,3.194,2.748,2.244,2.022,1.926,2.036,2.248,2.392,2.544,2.704,2.809,2.906,2.829,2.808,2.734,2.7,2.754,2.845,3.072,3.216,3.208,3.141,2.918,2.76,2.625,2.623,2.69,2.637,2.366,2.183,2.045,1.978,1.975,2.035,2.062,2.088,2.372,2.542,2.621,2.456,2.466,2.46,2.504,2.504,2.457,2.466,2.572,2.696,2.774,2.975,3.219,3.391,3.462,3.669,3.782,3.935,4.126,4.256,4.182,4.145,4.154,4.161,4.178,4.169,4.162,4.176,4.181,4.168,4.205,4.384,4.537,4.309,4.093,3.99,3.968,3.873,3.602,3.276,2.48,2.391,2.718,2.759,2.424,2.494,2.149,1.93,1.874,1.124,0.934,0.852,0.468,0.334,0.197,0.238,0.242,0.246,0.228,0.231,0.228,0.212,0.191,0.172,0.235,0.351,0.416,0.56,0.596,0.694,0.906,0.905,0.962,1.003,0.992,0.966,0.942,0.972,0.97,0.932,0.932,0.898,0.885,0.864,0.897,0.835,0.842,0.937,0.925,0.993,1.015,0.909,0.917,1.021,1.017,0.996,0.991,0.98,0.934,0.952,0.969,0.982,0.997,1.02,1.019,0.998,0.99,0.937,0.914,0.908,0.89,0.872,0.853,0.926,0.924,0.928,0.941,0.942,0.924,0.89,0.893,0.901,0.753,0.505,0.56,0.611,0.667,0.607,0.49,0.386,0.393,0.407,0.428,0.489,0.45,0.456,0.464,0.5,0.546,0.505,0.488
Treasury bill auction - average yields: 6 month,3.725,3.711,3.615,3.88,3.926,4.879,4.599,4.894,4.708,4.97,4.97,5.069,5.073,5.169,5.074,4.793,4.933,4.755,4.772,4.934,4.855,4.665,4.603,4.877,4.812,5.081,4.867,5.202,5.103,5.285,5.393,5.418,5.563,5.741,6.008,5.837,5.816,5.766,5.717,5.741,5.875,5.579,5.045,4.737,4.576,4.363,4.453,4.289,4.058,3.838,2.975,2.532,2.309,2.059,2.122,2.224,2.725,2.72,2.908,2.979,2.975,3.143,2.917,2.931,2.818,2.785,3,3.028,3.371,3.365,3.315,3.077,2.715,2.741,2.592,2.699,2.773,2.585,2.258,2.142,1.976,2.005,2.141,2.2,2.278,2.359,2.568,2.685,2.615,2.582,2.523,2.558,2.704,2.549,2.549,2.566,2.714,2.897,2.935,3.234,3.533,3.648,3.67,3.865,3.891,4.08,4.203,4.441,4.244,4.2,4.163,4.183,4.167,4.172,4.182,4.213,4.195,4.24,4.433,4.563,4.685,4.067,4.3,4.246,3.94,4.003,3.459,3.247,2.286,2.72,2.751,3.01,2.839,2.665,2.356,2.214,1.716,0.977,0.91,0.817,0.511,0.354,0.314,0.369,0.348,0.338,0.333,0.33,0.302,0.3,0.283,0.276,0.466,0.724,0.641,0.838,0.852,0.898,1.093,1.017,1.097,1.142,1.16,1.128,1.076,1.139,1.07,1.024,1.039,0.944,0.876,0.917,0.909,0.891,0.925,0.985,1.016,1.123,1.077,0.952,0.992,1.081,1.042,1.042,1.029,1.037,0.996,0.989,1.011,1.008,1.023,1.042,1.042,1.029,1,0.944,0.958,0.942,0.918,0.909,0.907,0.957,0.944,0.957,0.98,0.966,0.94,0.911,0.923,0.936,0.571,0.449,0.54,0.66,0.693,0.601,0.438,0.371,0.429,0.437,0.471,0.504,0.465,0.472,0.505,0.564,0.572,0.509,0.545
Treasury bill auction - average yields: 1 year,4.26,4.214,4.167,4.2,4.254,5.196,4.91,5.093,4.929,5.122,5.16,5.243,5.245,5.356,5.035,4.736,4.973,4.827,4.857,5.009,4.967,4.728,4.792,5.147,5.187,5.377,5.145,5.725,5.551,5.773,5.91,5.827,5.941,5.993,6.325,6.085,6.022,5.917,5.81,5.817,5.974,5.558,4.963,4.718,4.578,4.432,4.597,4.392,4.209,3.901,2.989,2.627,2.543,2.349,2.446,2.639,3.483,3.367,3.531,3.381,3.164,3.353,3.074,3.197,2.956,2.893,3.244,3.283,3.658,3.554,3.431,2.969,2.69,2.853,2.671,2.833,2.933,2.632,2.249,2.172,2.006,2.23,2.47,2.701,2.726,2.706,2.866,2.889,2.739,2.749,2.661,2.766,3.035,2.769,2.743,2.744,2.914,3.151,3.093,3.437,3.774,3.93,3.849,4.013,3.99,4.184,4.278,4.553,4.339,4.271,4.172,4.172,4.105,4.147,4.19,4.233,4.17,4.295,4.559,4.745,4.78,4.061,4.392,4.305,3.891,3.997,3.352,3.163,2.339,2.81,2.868,3.253,3.076,2.669,2.656,2.244,1.706,0.978,0.958,0.884,0.625,0.465,0.477,0.577,0.6,0.581,0.58,0.644,0.516,0.654,0.649,0.629,0.946,1.291,1.023,1.249,1.076,1.034,1.31,1.199,1.32,1.371,1.455,1.439,1.344,1.432,1.282,1.216,1.241,0.947,0.881,0.935,0.855,0.891,0.981,1.034,1.103,1.263,1.173,0.997,1.069,1.171,1.125,1.11,1.079,1.116,1.077,1.016,1.036,1.023,1.056,1.083,1.121,1.102,1.07,1.021,1.013,0.983,0.94,0.957,0.963,0.999,0.985,0.998,1.02,1.015,1.004,0.976,0.982,0.992,0.542,0.429,0.534,0.685,0.716,0.6,0.449,0.379,0.482,0.496,0.529,0.5,0.452,0.478,0.543,0.598,0.618,0.51,0.574
,Dollars,,,,,,,,,,,,,,,,,,,,,,,,,,,,,,,,,,,,,,,,,,,,,,,,,,,,,,,,,,,,,,,,,,,,,,,,,,,,,,,,,,,,,,,,,,,,,,,,,,,,,,,,,,,,,,,,,,,,,,,,,,,,,,,,,,,,,,,,,,,,,,,,,,,,,,,,,,,,,,,,,,,,,,,,,,,,,,,,,,,,,,,,,,,,,,,,,,,,,,,,,,,,,,,,,,,,,,,,,,,,,,,,,,,,
Treasury bill auction - amount auctioned: 1 month,..,..,..,..,..,..,..,..,..,..,..,..,..,..,..,..,..,..,..,..,..,..,..,..,..,..,..,..,..,..,..,..,..,..,..,..,..,..,..,..,..,..,..,..,..,..,..,..,..,..,..,..,..,..,..,..,..,..,..,..,..,..,..,..,..,..,..,..,..,..,..,..,..,..,..,..,..,..,..,..,..,..,..,..,..,..,..,..,..,..,..,..,..,..,..,..,..,..,..,..,..,..,..,..,..,..,..,..,..,..,..,..,..,..,..,..,..,..,..,..,..,..,..,..,..,..,..,..,..,..,..,..,..,..,..,..,..,..,..,..,..,..,..,..,..,..,..,..,..,..,..,..,..,..,..,..,..,..,..,..,..,..,..,..,..,..,..,..,..,..,..,..,..,..,..,..,..,..,..,..,..,..,..,..,..,..,..,..,..,..,..,..,..,..,..,..,..,..,..,..,..,..,..,..,..,..,..,..,..,..,..,..,..,..,..,..,..,..,..,..,..,..,..,..,..,..,..,..,..
"Treasury bill auction - amount auctioned: 3 month  (x 1,000,000)","2,400","2,100","4,300","4,100","4,000","3,400","4,000","4,000","3,700","3,500","3,200","3,200","3,300","3,500","3,100","3,300","3,100","3,300","3,800","4,200","4,200","3,600","2,800","3,100","4,000","4,200","4,000","3,600","3,600","3,200","3,800","4,000","4,200","3,400","3,000","2,900","2,900","3,500","3,200","3,200","3,200","3,200","4,100","4,100","4,100","2,900","3,500","3,200","3,800","3,800","4,100","4,400","4,400","3,100","4,400","4,400","4,100","4,700","4,700","4,700","4,700","4,400","4,400","4,700","4,700","3,800","4,700","4,700","4,700","4,700","5,000","5,000","5,300","5,300","5,300","5,300","5,900","4,400","3,800","5,000","5,600","4,700","5,000","5,600","5,600","5,000","4,700","6,200","5,000","3,800","5,300","6,500","6,500","4,700","5,600","5,900","5,900","5,300","5,300","4,700","6,800","4,700","4,100","5,900","6,800","4,700","5,300","6,200","5,000","4,400","6,200","5,900","6,800","4,100","4,400","6,500","6,200","3,800","4,400","5,600","4,400","4,700","4,400","5,300","6,800","4,100","4,100","5,300","5,900","7,100","7,400","5,300","6,200","5,300","6,200","8,600","9,200","9,800","10,400","9,800","9,200","8,000","7,400","10,100","10,400","7,400","8,600","9,200","7,700","8,000","6,800","6,800","8,000","7,400","7,100","7,100","7,400","7,400","7,700","6,675","7,700","7,400","6,200","6,500","7,700","7,700","7,400","7,400","6,500","9,200","8,900","7,700","7,700","6,800","6,800","7,400","7,700","8,300","8,900","7,400","8,300","10,400","8,600","7,700","8,600","7,700","8,000","8,600","7,400","9,500","10,400","8,000","8,900","8,600","7,400","6,800","6,800","6,800","6,800","5,900","6,200","8,900","8,600","6,800","7,400","6,200","5,600","5,900","7,100","6,500","6,800","5,000","4,400","7,400","8,000","5,900","7,400","6,500","5,600","6,200","8,900","5,300","7,100","5,600","5,000","7,700","7,100","5,000","6,500"
"Treasury bill auction - amount auctioned: 6 month  (x 1,000,000)","1,200","1,100","2,100","2,000","2,100","1,800","2,100","2,100","1,900","1,700","1,500","1,500","1,600","1,700","1,500","1,500","1,500","1,500","1,600","1,900","1,900","1,600","1,400","1,600","1,800","2,000","1,900","1,600","1,600","1,400","1,800","1,800","1,800","1,600","1,500","1,300","1,300","1,500","1,400","1,400","1,400","1,400","1,700","1,700","1,700","1,200","1,500","1,400","1,600","1,600","1,700","1,800","1,800","1,300","1,800","1,800","1,700","1,900","1,900","1,900","1,900","1,800","1,800","1,900","1,900","1,600","1,900","1,900","1,900","1,900","2,000","2,000","2,100","2,100","2,100","2,100","2,300","1,800","1,600","2,000","2,200","1,900","2,000","2,200","2,200","2,000","1,900","2,400","2,000","1,600","2,100","2,500","2,500","1,900","2,200","2,300","2,300","2,100","2,100","1,900","2,600","1,900","1,700","2,300","2,600","1,900","2,100","2,400","2,000","1,800","2,400","2,300","2,600","1,700","1,800","2,500","2,400","1,600","1,800","2,200","1,800","1,900","1,800","2,100","2,600","1,700","1,700","2,100","2,300","2,700","2,800","2,100","2,400","2,100","2,400","3,200","3,400","3,600","3,800","3,600","3,400","3,000","2,800","3,700","3,800","2,800","3,200","3,400","2,900","3,000","2,600","2,600","3,000","2,800","2,700","2,700","2,800","2,800","2,900","2,475","2,900","2,800","2,400","2,500","2,900","2,900","2,800","2,800","2,500","3,400","3,300","2,900","2,900","2,600","2,600","2,800","2,900","3,100","3,300","2,800","3,100","3,800","3,200","2,900","3,200","2,900","3,000","3,200","2,800","3,500","3,800","3,000","3,300","3,200","2,800","2,600","2,600","2,600","2,600","2,300","2,400","3,300","3,200","2,600","2,800","2,400","2,200","2,300","2,700","2,500","2,600","2,000","1,800","2,800","3,000","2,300","2,800","2,500","2,200","2,400","3,300","2,100","2,700","2,200","2,000","2,900","2,700","2,000","2,500"
"Treasury bill auction - amount auctioned: 1 year  (x 1,000,000)","1,000","1,000","1,900","1,900","1,900","1,600","1,900","1,900","1,700","1,500","1,300","1,300","1,500","1,600","1,400","1,400","1,400","1,400","1,600","1,800","1,900","1,600","1,400","1,600","1,800","2,000","1,900","1,600","1,600","1,400","1,800","1,800","1,800","1,600","1,500","1,300","1,300","1,500","1,400","1,400","1,400","1,400","1,700","1,700","1,700","1,200","1,500","1,400","1,600","1,600","1,700","1,800","1,800","1,300","1,800","1,800","1,700","1,900","1,900","1,900","1,900","1,800","1,800","1,900","1,900","1,600","1,900","1,900","1,900","1,900","2,000","2,000","2,100","2,100","2,100","2,100","2,300","1,800","1,600","2,000","2,200","1,900","2,000","2,200","2,200","2,000","1,900","2,400","2,000","1,600","2,100","2,500","2,500","1,900","2,200","2,300","2,300","2,100","2,100","1,900","2,600","1,900","1,700","2,300","2,600","1,900","2,100","2,400","2,000","1,800","2,400","2,300","2,600","1,700","1,800","2,500","2,400","1,600","1,800","2,200","1,800","1,900","1,800","2,100","2,600","1,700","1,700","2,100","2,300","2,700","2,800","2,100","2,400","2,100","2,400","3,200","3,400","3,600","3,800","3,600","3,400","3,000","2,800","3,700","3,800","2,800","3,200","3,400","2,900","3,000","2,600","2,600","3,000","2,800","2,700","2,700","2,800","2,800","2,900","2,475","2,900","2,800","2,400","2,500","2,900","2,900","2,800","2,800","2,500","3,400","3,300","2,900","2,900","2,600","2,600","2,800","2,900","3,100","3,300","2,800","3,100","3,800","3,200","2,900","3,200","2,900","3,000","3,200","2,800","3,500","3,800","3,000","3,300","3,200","2,800","2,600","2,600","2,600","2,600","2,300","2,400","3,300","3,200","2,600","2,800","2,400","2,200","2,300","2,700","2,500","2,600","2,000","1,800","2,800","3,000","2,300","2,800","2,500","2,200","2,400","3,300","2,100","2,700","2,200","2,000","2,900","2,700","2,000","2,500"
"Treasury bill auction - amount maturing  (x 1,000,000)","4,900","4,900","5,600","4,600","4,300","2,300","2,300","2,200","10,700","6,200","6,100","6,400","5,700","5,200","6,900","6,600","9,500","6,200","6,500","6,600","10,850","9,200","6,800","7,100","6,800","7,000","8,200","7,000","7,100","7,500","7,500","7,600","6,800","6,800","6,700","7,500","7,500","6,600","6,400","6,000","6,000","5,800","6,800","6,800","6,700","6,900","6,900","8,700","7,200","6,900","6,600","6,700","6,700","8,100","7,800","7,800","7,500","7,600","7,300","6,900","8,300","8,200","8,200","8,200","8,200","10,650","8,300","8,200","7,600","7,900","7,900","8,400","8,300","8,800","11,600","9,100","9,300","8,600","8,900","9,700","8,600","7,600","8,400","9,000","8,100","9,200","9,400","8,900","9,100","8,100","9,600","9,800","8,200","8,300","10,200","9,900","9,100","10,600","9,700","9,700","9,000","8,700","9,100","11,500","10,300","7,900","10,700","10,400","8,100","8,900","9,700","9,700","9,200","9,800","8,400","11,600","10,000","7,400","11,200","9,500","7,500","9,000","11,400","9,300","9,400","7,700","7,800","11,700","8,600","10,700","9,700","9,200","9,200","11,400","13,700","10,800","13,700","12,300","15,600","15,900","19,200","16,800","16,800","18,500","17,400","17,800","15,500","16,800","14,400","15,400","16,800","16,200","16,600","13,600","12,500","13,400","14,000","12,900","13,700","15,700","13,100","13,700","14,000","15,400","13,500","12,900","12,100","12,300","12,400","13,100","13,500","13,200","14,200","14,400","16,600","14,400","13,400","12,200","12,200","12,800","16,500","15,600","17,200","12,800","14,900","15,200","14,300","16,100","13,700","15,000","15,000","16,000","16,100","17,900","14,000","15,700","16,500","15,800","13,800","13,100","12,200","11,400","11,300","10,800","15,900","14,900","12,200","12,900","12,500","11,100","11,500","11,700","10,000","12,200","11,400","9,900","13,000","12,600","9,400","12,500","12,000","10,700","11,700","13,700","10,200","12,100","13,100","10,100","13,200"
,Percent,,,,,,,,,,,,,,,,,,,,,,,,,,,,,,,,,,,,,,,,,,,,,,,,,,,,,,,,,,,,,,,,,,,,,,,,,,,,,,,,,,,,,,,,,,,,,,,,,,,,,,,,,,,,,,,,,,,,,,,,,,,,,,,,,,,,,,,,,,,,,,,,,,,,,,,,,,,,,,,,,,,,,,,,,,,,,,,,,,,,,,,,,,,,,,,,,,,,,,,,,,,,,,,,,,,,,,,,,,,,,,,,,,,,
Treasury bills: 1 month,2.95,2.62,2.54,3.38,3.4,3.31,3.64,4.54,4.55,4.64,4.47,4.57,4.74,4.61,4.8,4.82,4.61,4.49,4.57,4.93,4.65,4.62,4.4,4.41,4.57,4.51,4.41,4.5,4.56,4.63,4.73,4.74,5.1,4.89,5.2,5.46,5.45,5.39,5.39,5.39,5.49,5.45,5.17,5.04,4.7,4.56,4.32,4.28,4.08,3.81,3.14,2.4,2.14,1.98,1.93,1.95,1.96,2.18,2.39,2.5,2.6,2.72,2.61,2.66,2.69,2.58,2.7,2.68,2.89,3.05,3.19,3.1,2.89,2.75,2.6,2.64,2.68,2.59,2.29,2.17,1.99,1.87,1.94,1.94,1.93,1.91,2.29,2.4,2.43,2.3,2.33,2.24,2.45,2.38,2.39,2.33,2.36,2.52,2.69,2.87,3.06,3.06,3.34,3.46,3.64,3.89,4.13,4.09,4.02,4.15,4.12,4.12,4.14,4.09,4.15,4.2,4.15,4.11,4.17,4.14,4.29,3.9,3.9,4.03,3.88,3.68,3.4,3.22,1.7,2.78,2.55,2.36,2.3,2.22,1.9,1.85,1.83,0.71,0.67,0.57,0.34,0.15,0.16,0.17,0.18,0.12,0.18,0.18,0.17,0.13,0.13,0.14,0.2,0.18,0.14,0.28,0.55,0.43,0.84,0.87,0.93,0.92,0.88,0.91,0.89,0.9,0.88,0.89,0.91,0.94,0.82,0.85,0.8,0.76,0.84,0.88,0.89,0.98,0.9,0.88,0.91,0.97,0.96,0.92,0.93,0.9,0.92,0.91,0.95,0.97,0.99,1.01,0.98,0.98,0.96,0.9,0.94,0.89,0.83,0.81,0.89,0.92,0.92,0.94,0.94,0.93,0.9,0.86,0.9,0.88,0.6,0.54,0.53,0.64,0.6,0.58,0.4,0.38,0.41,0.39,0.46,0.42,0.45,0.42,0.43,0.5,0.46,0.48,0.49
Treasury bills: 2 month,3.16,2.72,2.72,3.48,3.48,3.74,3.99,4.54,4.58,4.74,4.63,4.69,4.9,4.81,4.87,4.69,4.68,4.62,4.64,4.88,4.59,4.62,4.46,4.48,4.65,4.66,4.47,4.72,4.52,4.72,4.89,4.91,5.15,5.15,5.53,5.49,5.56,5.5,5.48,5.51,5.57,5.48,5.19,4.97,4.67,4.47,4.35,4.3,4.07,3.83,3.14,2.39,2.08,2.01,1.93,1.97,2.14,2.24,2.51,2.6,2.7,2.85,2.76,2.71,2.69,2.6,2.72,2.75,3,3.14,3.16,3.07,2.85,2.73,2.59,2.65,2.67,2.59,2.27,2.15,1.99,1.93,1.96,1.98,1.98,2.04,2.37,2.49,2.54,2.42,2.35,2.38,2.51,2.43,2.43,2.42,2.48,2.66,2.77,3,3.17,3.23,3.38,3.6,3.78,3.99,4.14,4.21,4.09,4.11,4.13,4.15,4.15,4.16,4.16,4.19,4.16,4.14,4.22,4.29,4.41,3.9,3.93,3.99,3.88,3.83,3.43,3.22,1.76,2.69,2.58,2.44,2.34,2.36,1.95,1.95,1.68,0.75,0.78,0.63,0.36,0.18,0.17,0.2,0.21,0.17,0.19,0.2,0.18,0.16,0.14,0.14,0.25,0.25,0.25,0.42,0.59,0.53,0.84,0.88,0.95,0.96,0.9,0.92,0.9,0.93,0.91,0.91,0.91,0.92,0.82,0.86,0.83,0.8,0.84,0.91,0.9,1.02,0.93,0.85,0.91,0.98,0.97,0.97,0.94,0.91,0.91,0.93,0.97,0.98,0.99,1.02,0.99,0.98,0.96,0.9,0.93,0.89,0.84,0.81,0.89,0.94,0.93,0.94,0.93,0.92,0.91,0.88,0.89,0.88,0.6,0.54,0.51,0.65,0.61,0.58,0.37,0.36,0.43,0.42,0.46,0.49,0.46,0.45,0.43,0.52,0.49,0.49,0.49
Treasury bills: 3 month,3.29,3.11,2.86,3.59,3.67,3.99,4.1,4.57,4.59,4.85,4.75,4.87,4.94,4.91,4.91,4.71,4.78,4.66,4.68,4.87,4.63,4.6,4.48,4.56,4.71,4.68,4.66,4.87,4.73,4.85,5.05,4.96,5.27,5.43,5.67,5.53,5.61,5.58,5.56,5.61,5.62,5.49,5.11,4.87,4.58,4.43,4.34,4.3,4.07,3.8,3.05,2.34,2.07,1.95,1.96,2.05,2.3,2.37,2.6,2.7,2.81,2.96,2.83,2.73,2.71,2.63,2.83,2.88,3.14,3.19,3.16,3.07,2.81,2.71,2.58,2.64,2.67,2.57,2.25,2.13,1.98,1.95,1.98,2.01,2.08,2.13,2.45,2.57,2.63,2.47,2.43,2.46,2.56,2.45,2.46,2.48,2.59,2.72,2.86,3.06,3.31,3.37,3.47,3.72,3.86,4.03,4.18,4.32,4.15,4.13,4.15,4.16,4.18,4.16,4.17,4.19,4.16,4.16,4.29,4.42,4.57,3.83,3.97,3.96,3.91,3.86,3.41,3.24,1.72,2.68,2.68,2.6,2.41,2.42,1.92,1.98,1.7,0.83,0.83,0.67,0.39,0.22,0.2,0.24,0.23,0.21,0.22,0.22,0.22,0.19,0.16,0.16,0.28,0.39,0.45,0.5,0.65,0.62,0.87,0.92,0.99,0.98,0.95,0.95,0.92,0.97,0.95,0.93,0.92,0.93,0.83,0.89,0.86,0.83,0.86,0.93,0.92,1.06,0.94,0.86,0.92,1.03,0.99,0.99,0.95,0.92,0.93,0.96,0.97,0.99,1.01,1.03,1,0.99,0.98,0.9,0.94,0.91,0.89,0.85,0.89,0.95,0.93,0.95,0.96,0.94,0.92,0.88,0.91,0.91,0.6,0.56,0.54,0.66,0.63,0.58,0.41,0.37,0.43,0.41,0.48,0.52,0.48,0.46,0.44,0.55,0.53,0.49,0.53
Treasury bills: 6 month,3.62,3.68,3.49,3.82,4.11,4.56,4.42,4.84,4.7,4.97,4.97,5.04,5.13,5.25,5.03,4.73,4.88,4.76,4.76,4.97,4.73,4.66,4.71,4.77,4.82,4.87,4.87,5.19,4.96,5.16,5.31,5.32,5.55,5.75,5.97,5.79,5.73,5.74,5.71,5.72,5.72,5.46,5,4.8,4.52,4.4,4.41,4.37,4.1,3.79,2.96,2.26,2.13,1.95,2.11,2.19,2.68,2.68,2.87,2.87,2.9,3.08,2.93,2.81,2.81,2.75,2.99,3.06,3.34,3.32,3.18,2.99,2.72,2.76,2.57,2.63,2.69,2.57,2.27,2.14,1.95,2.02,2.11,2.14,2.27,2.35,2.6,2.68,2.73,2.58,2.49,2.55,2.69,2.54,2.58,2.57,2.73,2.79,3.02,3.26,3.53,3.65,3.67,3.87,3.97,4.13,4.23,4.46,4.25,4.17,4.13,4.2,4.17,4.17,4.19,4.2,4.19,4.24,4.43,4.55,4.69,4.18,4.21,4.25,3.96,3.99,3.4,3.23,2.2,2.67,2.78,2.99,2.76,2.65,2.39,1.98,1.62,0.85,0.87,0.72,0.5,0.3,0.32,0.36,0.32,0.3,0.31,0.31,0.28,0.27,0.25,0.28,0.48,0.72,0.62,0.73,0.89,0.82,1.07,1.02,1.12,1.13,1.08,1.08,1.07,1.13,1.06,1.04,1.03,0.95,0.87,0.94,0.91,0.91,0.92,0.98,0.99,1.15,1,0.93,0.94,1.06,1.02,1.02,1.02,1.01,0.99,0.99,1.01,1.01,1.03,1.05,1.04,1.02,0.99,0.93,0.96,0.94,0.92,0.92,0.92,0.96,0.95,0.96,0.98,0.97,0.95,0.92,0.93,0.93,0.57,0.55,0.55,0.68,0.67,0.63,0.43,0.39,0.44,0.44,0.5,0.51,0.48,0.48,0.49,0.58,0.52,0.52,0.55
Treasury bills: 1 year,4.19,4.19,4.14,4.15,4.43,4.99,4.73,5.06,4.87,5.17,5.13,5.22,5.27,5.42,5,4.69,4.96,4.8,4.82,5.08,4.84,4.73,4.94,4.99,5.23,5.15,5.16,5.69,5.48,5.63,5.75,5.77,5.95,6,6.25,6.07,5.94,5.9,5.81,5.79,5.8,5.41,4.9,4.79,4.52,4.45,4.55,4.47,4.28,3.84,2.97,2.3,2.48,2.2,2.44,2.57,3.42,3.32,3.41,3.2,3.07,3.27,3.12,2.96,3,2.91,3.29,3.31,3.63,3.5,3.18,2.82,2.73,2.91,2.63,2.71,2.81,2.62,2.29,2.17,2,2.24,2.45,2.61,2.72,2.67,2.86,2.89,2.91,2.76,2.61,2.77,3.04,2.82,2.81,2.74,2.96,2.94,3.24,3.53,3.8,3.87,3.86,4,4.06,4.24,4.33,4.58,4.35,4.22,4.1,4.22,4.12,4.15,4.21,4.19,4.18,4.31,4.56,4.73,4.79,4.25,4.29,4.33,3.95,4.01,3.35,3.18,2.55,2.69,2.88,3.24,2.95,2.68,2.64,2.05,1.61,0.85,0.98,0.8,0.61,0.44,0.49,0.55,0.59,0.53,0.57,0.6,0.48,0.67,0.56,0.62,0.96,1.29,1.02,1.01,1.17,0.98,1.27,1.21,1.39,1.38,1.33,1.36,1.35,1.43,1.27,1.21,1.25,0.97,0.88,0.96,0.92,0.92,0.98,1.05,1.08,1.32,1.02,0.96,0.97,1.14,1.09,1.06,1.08,1.1,1.08,1.01,1.03,1.02,1.08,1.13,1.13,1.11,1.07,1,1,0.97,0.94,0.97,0.97,1,0.99,1.01,1.03,1.01,1,0.98,0.98,0.99,0.54,0.53,0.56,0.7,0.7,0.67,0.46,0.39,0.49,0.5,0.54,0.51,0.46,0.49,0.53,0.6,0.52,0.52,0.58
"Real return bonds, long-term",3.95,4.21,4.01,4.02,4.05,4.14,4.11,4.06,4.03,3.95,3.9,3.85,3.87,4.1,4.02,4.07,4.17,4.11,4.1,4.13,4.16,4.09,4.08,4.03,4.02,4.03,4.05,4.05,4.04,4.01,4.02,3.92,3.8,3.64,3.81,3.77,3.65,3.67,3.6,3.52,3.51,3.42,3.36,3.39,3.45,3.61,3.58,3.53,3.66,3.68,3.68,3.6,3.68,3.76,3.73,3.73,3.68,3.63,3.54,3.42,3.45,3.4,3.25,3.45,3.43,3.33,3.22,3.06,3.08,3.13,3,2.99,3.15,3.15,3.08,3,2.91,2.79,2.57,2.56,2.39,2.46,2.32,2.37,2.31,2.22,2.32,2.28,2.17,2.11,2.03,2.07,2.08,1.92,1.86,1.87,1.93,1.73,1.64,1.7,1.65,1.44,1.54,1.44,1.59,1.79,1.83,1.9,1.8,1.61,1.66,1.78,1.63,1.73,1.79,1.75,1.77,1.76,2.02,2.15,2.09,2.15,2.15,2.05,2.14,1.99,1.98,1.94,1.67,1.72,1.57,1.45,1.6,1.53,2.06,2.49,2.68,2.1,2.26,2.19,2,2.01,2.34,1.91,1.89,1.82,1.74,1.63,1.56,1.52,1.55,1.59,1.56,1.54,1.44,1.42,1.55,1.4,1.17,1.17,1.3,1.12,1.35,1.31,1.13,1.05,0.99,1.04,0.84,0.88,0.88,0.85,0.61,0.47,0.53,0.44,0.52,0.59,0.37,0.42,0.33,0.4,0.35,0.38,0.34,0.38,0.54,0.52,0.48,0.42,0.68,1.12,1.02,1.1,1.16,1.04,1.18,1.22,0.99,0.96,0.9,0.92,0.76,0.78,0.63,0.6,0.75,0.68,0.61,0.62,0.23,0.13,0.15,0.38,0.53,0.61,0.48,0.78,0.69,0.8,0.75,0.67,0.68,0.6,0.49,0.46,0.47,0.36,0.33
"Government of Canada marketable bonds, average yield, average of Wednesdays: 1-3 year",4.67,4.66,4.64,4.63,4.64,5.17,4.97,5.1,5.08,5.06,5.17,5.23,5.28,5.44,5.27,4.69,4.97,4.8,4.85,5.05,5.13,4.79,4.95,5.34,5.32,5.53,5.51,5.89,5.82,5.92,6.12,6.14,5.99,5.94,6.33,6.08,5.98,5.92,5.8,5.74,5.84,5.38,5.05,4.96,4.64,4.72,4.81,4.83,4.88,4.49,3.87,3.28,3.05,3.35,3.19,3.35,3.98,4.03,3.93,3.93,3.52,3.28,3.43,3.38,3.25,3.32,3.32,3.5,3.71,3.71,3.42,3.02,2.98,3.06,3.12,3.02,3.2,3.12,2.82,2.54,2.36,2.64,2.8,3.23,3.13,2.99,3.17,3.16,3.19,2.96,2.96,2.94,3.14,3,2.94,2.8,3.01,3.08,3.15,3.45,3.69,3.81,3.78,3.95,3.95,4.11,4.16,4.33,4.3,4.12,3.98,4.03,3.96,3.92,4.05,4.05,3.95,4.13,4.34,4.68,4.67,4.45,4.25,4.26,3.89,3.78,3.4,3.13,2.65,2.79,2.88,3.19,3.2,2.83,2.77,2.35,1.95,1.37,1.16,1.27,1.01,0.91,0.93,1.33,1.28,1.23,1.29,1.38,1.21,1.29,1.28,1.19,1.49,1.85,1.61,1.67,1.54,1.35,1.42,1.4,1.55,1.67,1.7,1.73,1.67,1.78,1.64,1.5,1.49,1.06,0.96,1.03,0.95,0.92,1,1.08,1.21,1.29,1.22,1.05,1,1.17,1.16,1.11,1.1,1.11,1.16,1.12,1.01,1,1.04,1.18,1.17,1.23,1.27,1.15,1.1,1.08,1.04,1.03,1.06,1.06,1.04,1.08,1.09,1.08,1.14,1.02,1.03,1.01,0.72,0.43,0.53,0.58,0.68,0.63,0.44,0.4,0.5,0.53,0.63,0.53,0.39,0.44,0.54,0.6,0.59,0.55,0.53
"Government of Canada marketable bonds, average yield, average of Wednesdays: 3-5 year",5.25,5.26,5.21,5.05,4.99,5.37,5.11,5.23,5.21,5.16,5.25,5.27,5.33,5.54,5.23,4.72,5.04,4.78,4.87,5.1,5.19,4.91,5.18,5.5,5.42,5.68,5.67,6.09,6.02,6.15,6.45,6.45,6.16,6.02,6.37,6.09,6.02,5.95,5.83,5.78,5.82,5.38,5.23,5.18,4.93,5.1,5.37,5.29,5.4,5.07,4.6,4.18,4.12,4.53,4.44,4.49,4.99,5.02,4.88,4.73,4.41,4.09,4.06,4.18,4.09,4.04,3.98,4.13,4.21,4.25,3.82,3.43,3.65,3.83,3.85,3.81,3.96,3.83,3.58,3.33,3.11,3.52,3.7,4.07,3.95,3.78,3.82,3.81,3.76,3.5,3.47,3.43,3.62,3.45,3.37,3.17,3.35,3.36,3.41,3.67,3.84,3.88,3.87,4.05,4.06,4.25,4.24,4.35,4.35,4.12,3.97,4,3.9,3.88,4.02,4.01,3.93,4.08,4.3,4.66,4.63,4.42,4.27,4.28,3.94,3.84,3.55,3.37,2.91,3.04,3.11,3.36,3.37,3.06,2.97,2.83,2.57,1.89,1.69,1.88,1.58,1.58,1.83,2.45,2.38,2.39,2.35,2.44,2.31,2.32,2.35,2.25,2.48,2.8,2.49,2.46,2.31,1.99,1.89,1.76,2.03,2.25,2.31,2.43,2.33,2.42,2.2,2.02,1.98,1.42,1.29,1.39,1.24,1.17,1.2,1.29,1.48,1.53,1.38,1.23,1.16,1.34,1.31,1.29,1.25,1.29,1.38,1.37,1.24,1.16,1.24,1.54,1.58,1.71,1.84,1.65,1.57,1.56,1.49,1.39,1.46,1.47,1.36,1.47,1.43,1.36,1.52,1.36,1.38,1.26,0.86,0.57,0.65,0.67,0.86,0.85,0.58,0.5,0.67,0.69,0.83,0.69,0.49,0.47,0.62,0.7,0.68,0.61,0.58
"Government of Canada marketable bonds, average yield, average of Wednesdays: 5-10 year",5.74,5.75,5.67,5.44,5.34,5.58,5.29,5.37,5.36,5.28,5.33,5.31,5.35,5.58,5.27,4.87,5.16,4.86,4.93,5.13,5.22,5.01,5.31,5.58,5.49,5.73,5.74,6.14,6.06,6.17,6.51,6.43,6.12,5.99,6.31,6,5.96,5.87,5.8,5.78,5.79,5.39,5.39,5.36,5.18,5.41,5.71,5.6,5.72,5.43,5.12,4.93,4.94,5.22,5.16,5.13,5.51,5.51,5.41,5.27,5.1,4.86,4.69,4.89,4.83,4.7,4.65,4.75,4.74,4.79,4.38,4.08,4.41,4.64,4.55,4.54,4.65,4.48,4.31,4.14,3.93,4.33,4.48,4.73,4.6,4.44,4.39,4.35,4.27,4.09,4.03,3.97,4.15,3.96,3.86,3.66,3.77,3.75,3.72,3.93,4.01,3.97,3.95,4.14,4.16,4.38,4.37,4.43,4.44,4.2,4.04,4.06,3.95,3.95,4.09,4.06,3.99,4.13,4.29,4.63,4.61,4.45,4.33,4.33,4.06,3.94,3.77,3.68,3.29,3.38,3.42,3.64,3.64,3.42,3.33,3.43,3.23,2.56,2.37,2.49,2.19,2.22,2.56,3.13,3.09,3.13,2.99,3.06,3.01,3.1,3.16,3.07,3.17,3.4,3.06,3.05,2.95,2.68,2.54,2.41,2.67,2.92,2.99,3.13,2.95,3.04,2.78,2.68,2.63,2.08,1.92,2.01,1.81,1.67,1.68,1.71,1.88,1.86,1.66,1.55,1.45,1.63,1.63,1.61,1.54,1.58,1.7,1.73,1.61,1.45,1.57,2.03,2.19,2.34,2.43,2.23,2.24,2.29,2.2,2.01,2.01,2.01,1.86,2.02,1.93,1.8,1.96,1.78,1.79,1.64,1.24,1,1.08,1.08,1.4,1.53,1.27,1.1,1.25,1.21,1.38,1.21,0.96,0.86,1.03,1.07,1.02,0.92,0.83
"Government of Canada marketable bonds, average yield, average of Wednesdays: over 10 years",6.3,6.3,6.19,5.94,5.76,5.85,5.58,5.6,5.64,5.5,5.52,5.45,5.46,5.65,5.39,5.17,5.39,5.07,5.13,5.26,5.34,5.26,5.51,5.7,5.61,5.85,5.88,6.26,6.15,6.22,6.48,6.19,5.93,5.9,6.1,5.89,5.84,5.77,5.81,5.79,5.78,5.58,5.71,5.69,5.6,5.85,6.03,5.97,6.05,5.85,5.8,5.66,5.55,5.72,5.69,5.69,5.93,5.93,5.87,5.75,5.73,5.57,5.37,5.57,5.53,5.41,5.4,5.44,5.41,5.46,5.13,4.91,5.22,5.4,5.29,5.28,5.33,5.19,5.11,5.01,4.86,5.17,5.26,5.36,5.27,5.15,5.05,5.01,4.9,4.82,4.74,4.63,4.76,4.59,4.46,4.28,4.32,4.26,4.19,4.3,4.27,4.15,4.13,4.25,4.24,4.49,4.48,4.53,4.55,4.32,4.18,4.19,4.08,4.07,4.19,4.16,4.14,4.22,4.3,4.55,4.55,4.48,4.44,4.44,4.28,4.14,4.1,4.17,3.96,4.05,4.05,4.13,4.13,4.06,4.01,4.2,4.17,3.63,3.63,3.7,3.58,3.57,3.85,4.01,4.01,4.02,3.93,3.96,3.96,3.99,4.04,3.99,3.99,4.02,3.75,3.69,3.69,3.51,3.39,3.32,3.5,3.58,3.65,3.76,3.66,3.72,3.5,3.39,3.34,2.98,2.75,2.81,2.61,2.46,2.47,2.49,2.57,2.53,2.33,2.27,2.18,2.29,2.31,2.3,2.22,2.26,2.38,2.48,2.41,2.23,2.33,2.7,2.85,3.02,3.09,2.96,3.02,3.1,2.99,2.85,2.82,2.81,2.67,2.74,2.65,2.5,2.6,2.42,2.45,2.28,1.94,1.81,1.87,1.86,2.2,2.31,2.13,2,2.13,2.12,2.24,2.08,1.89,1.77,1.9,1.88,1.86,1.74,1.57
Average residential mortgage lending rate: 5 year (Terminated) 10 11,6.98t,7.00t,6.96t,6.73t,6.69t,6.90t,6.90t,6.84t,6.84t,6.79t,6.92t,6.90t,6.90t,7.08t,7.32t,6.73t,6.94t,6.69t,6.72t,6.79t,7.03t,6.71t,6.99t,7.35t,7.42t,7.80t,7.67t,7.90t,8.13t,8.13t,8.34t,8.43t,8.24t,8.23t,8.50t,8.34t,8.18t,8.08t,8.08t,8.08t,8.04t,7.81t,7.58t,7.52t,7.19t,7.22t,7.38t,7.47t,7.46t,7.39t,7.03t,6.74t,6.51t,6.64t,6.62t,6.59t,6.80t,7.00t,7.00t,6.98t,6.90t,6.61t,6.49t,6.50t,6.47t,6.39t,6.26t,6.29t,6.33t,6.44t,6.10t,5.62t,5.71t,5.87t,5.97t,5.83t,6.02t,6.00t,5.78t,5.51t,5.31t,5.56t,5.82t,6.06t,6.10t,5.97t,5.94t,5.95t,5.87t,5.69t,5.60t,5.59t,5.60t,5.67t,5.55t,5.31t,5.26t,5.32t,5.30t,5.39t,5.56t,5.60t,5.65t,5.75t,5.78t,5.88t,6.05t,6.12t,6.26t,6.24t,6.13t,6.01t,5.99t,5.89t,5.91t,6.00t,5.91t,5.92t,6.01t,6.51t,6.60t,6.62t,6.61t,6.69t,6.73t,6.75t,6.81t,6.72t,6.60t,6.40t,6.21t,6.20t,6.37t,6.25t,6.16t,6.46t,6.51t,6.17t,5.78t,5.28t,5.14t,4.79t,4.62t,4.90t,5.14t,5.13t,4.97t,5.00t,5.06t,4.83t,4.80t,4.73t,4.71t,5.15t,5.30t,5.18t,5.02t,4.82t,4.60t,4.52t,4.45t,4.50t,4.55t,4.68t,4.70t,4.87t,4.83t,4.60t,4.57t,4.52t,4.42t,4.35t,4.38t,4.36t,4.31t,4.23t,4.21t,4.36t,4.35t,4.25t,4.23t,4.23t,4.20t,4.17t,4.15t,4.15t,4.14t,4.11t,4.02t,4.02t,4.02t,4.00t,4.08t,4.14t,4.33t,4.40t,4.39t,4.39t,4.38t,4.32t,4.16t,4.02t,4.02t,4.00t,4.01t,4.01t,4.02t,4.00t,4.00t,3.98t,3.96t,3.91t,3.84t,3.76t,3.74t,3.72t,3.71t,3.71t,3.71t,3.72t,3.72t,3.75t,3.76t,3.75t,3.73t,3.70t,3.67t,3.66t,3.67t
Chartered bank - chequable personal savings deposit rate (Terminated) 4 12,0.11t,0.10t,0.10t,0.08t,0.08t,0.08t,0.08t,0.08t,0.07t,0.07t,0.07t,0.07t,0.07t,0.07t,0.07t,0.07t,0.07t,0.05t,0.03t,0.03t,0.03t,0.03t,0.03t,0.03t,0.03t,0.03t,0.03t,0.03t,0.03t,0.03t,0.03t,0.03t,0.03t,0.03t,0.03t,0.03t,0.03t,0.03t,0.03t,0.03t,0.03t,0.03t,0.03t,0.03t,0.02t,0.02t,0.02t,0.02t,0.02t,0.02t,0.02t,0.02t,0.02t,0.02t,0.02t,0.01t,0.01t,0.01t,0.01t,0.01t,0.01t,0.01t,0.01t,0.01t,0.01t,0.01t,0.01t,0.01t,0.01t,0.01t,0.01t,0.01t,0.01t,0.01t,0.01t,0.01t,0.01t,0.01t,0.01t,0.01t,0.01t,0.01t,0.01t,0.01t,0.01t,0.01t,0.01t,0.01t,0.01t,0.01t,0.01t,0.01t,0.01t,0.01t,0.01t,0.01t,0.01t,0.01t,0.01t,0.01t,0.01t,0.01t,0.01t,0.01t,0.01t,0.01t,0.00t,0.00t,0.00t,0.00t,0.00t,0.00t,0.00t,0.00t,0.00t,0.00t,0.00t,0.00t,0.00t,0.00t,0.00t,0.00t,0.00t,0.00t,0.00t,0.00t,0.00t,0.00t,0.00t,0.00t,0.00t,0.00t,0.00t,0.00t,0.00t,0.00t,0.00t,0.00t,0.01t,0.00t,0.00t,0.00t,0.00t,0.00t,0.00t,0.00t,0.00t,0.00t,0.00t,0.00t,0.00t,0.00t,0.00t,0.00t,0.00t,0.00t,0.00t,0.00t,0.00t,0.00t,0.00t,0.00t,0.00t,0.00t,0.00t,0.00t,0.00t,0.00t,0.00t,0.00t,0.00t,0.00t,0.00t,0.00t,0.00t,0.00t,0.00t,0.00t,0.00t,0.00t,0.00t,0.00t,0.00t,0.00t,0.00t,0.00t,0.00t,0.00t,0.00t,0.00t,0.00t,0.00t,0.00t,0.00t,0.00t,0.00t,0.00t,0.00t,0.00t,0.00t,0.00t,0.00t,0.00t,0.00t,0.00t,0.00t,0.00t,0.00t,0.00t,0.00t,0.00t,0.00t,0.00t,0.00t,0.00t,0.00t,0.00t,0.00t,0.00t,0.00t,0.00t,0.00t,0.00t,0.00t,0.00t,0.00t,0.00t,0.00t,0.00t
Covered differential: Canada-United States 3 month Treasury bills (Terminated),0.13t,-0.04t,0.06t,0.29t,0.21t,-0.17t,-0.04t,-0.02t,0.33t,0.47t,0.31t,0.46t,0.42t,0.21t,0.49t,0.43t,0.40t,0.29t,0.19t,0.16t,0.27t,0.29t,0.12t,..t,..t,..t,..t,..t,..t,..t,..t,..t,..t,..t,..t,..t,..t,..t,..t,..t,..t,..t,..t,..t,..t,..t,..t,..t,..t,..t,..t,..t,..t,..t,..t,..t,..t,..t,..t,..t,..t,..t,..t,..t,..t,..t,..t,..t,..t,..t,..t,..t,..t,..t,..t,..t,..t,..t,..t,..t,..t,..t,..t,..t,..t,..t,..t,..t,..t,..t,..t,..t,..t,..t,..t,..t,..t,..t,..t,..t,..t,..t,..t,..t,..t,..t,..t,..t,..t,..t,..t,..t,..t,..t,..t,..t,..t,..t,..t,..t,..t,..t,..t,..t,..t,..t,..t,..t,..t,..t,..t,..t,..t,..t,..t,..t,..t,..t,..t,..t,..t,..t,..t,..t,..t,..t,..t,..t,..t,..t,..t,..t,..t,..t,..t,..t,..t,..t,..t,..t,..t,..t,..t,..t,..t,..t,..t,..t,..t,..t,..t,..t,..t,..t,..t,..t,..t,..t,..t,..t,..t,..t,..t,..t,..t,..t,..t,..t,..t,..t,..t,..t,..t,..t,..t,..t,..t,..t,..t,..t,..t,..t,..t,..t,..t,..t,..t,..t,..t,..t,..t,..t,..t,..t,..t,..t,..t,..t,..t,..t,..t,..t,..t,..t,..t,..t,..t,..t,..t
Covered differential: Canada-United States 3 month short-term paper (Terminated),0.20t,0.19t,0.24t,0.17t,0.19t,0.23t,0.18t,0.17t,0.23t,0.15t,0.11t,0.11t,0.10t,0.03t,0.14t,0.19t,0.20t,0.27t,0.14t,0.11t,0.09t,0.14t,0.09t,0.20t,0.17t,0.12t,0.24t,0.06t,0.22t,0.40t,0.21t,0.19t,0.17t,0.18t,0.15t,0.15t,0.18t,0.18t,0.12t,0.16t,0.19t,0.12t,0.08t,0.16t,0.13t,0.07t,0.03t,0.00t,0.06t,0.07t,0.03t,0.00t,-0.03t,-0.01t,0.08t,0.09t,0.01t,0.07t,0.06t,0.02t,-0.04t,0.09t,-0.05t,-0.04t,0.06t,0.03t,0.06t,0.04t,0.01t,-0.06t,-0.04t,0.02t,-0.08t,-0.01t,-0.11t,-0.02t,-0.03t,0.02t,0.00t,..t,0.02t,0.02t,..t,0.03t,0.00t,0.05t,0.08t,-0.01t,0.11t,..t,0.09t,..t,..t,..t,0.09t,0.07t,0.04t,0.09t,0.12t,0.09t,..t,..t,..t,..t,0.20t,0.19t,..t,0.27t,..t,0.16t,..t,..t,0.10t,..t,-0.02t,0.16t,0.16t,0.13t,0.13t,0.08t,0.10t,0.44t,0.54t,0.31t,0.49t,0.87t,0.23t,0.43t,0.67t,1.03t,0.58t,0.51t,0.87t,..t,1.74t,1.60t,1.87t,..t,0.74t,0.87t,1.00t,0.78t,0.60t,0.49t,..t,0.26t,0.20t,0.14t,0.25t,..t,0.27t,0.13t,0.17t,0.28t,0.23t,0.13t,0.11t,0.03t,0.01t,0.05t,0.15t,..t,0.17t,0.18t,0.10t,0.06t,0.11t,0.12t,0.17t,0.23t,0.22t,0.15t,0.13t,0.22t,0.19t,0.13t,0.17t,0.09t,0.15t,0.14t,0.14t,0.14t,0.14t,0.14t,0.18t,0.19t,0.19t,0.14t,0.21t,0.22t,0.16t,0.18t,0.18t,0.21t,0.19t,0.17t,0.15t,0.16t,0.20t,0.20t,0.19t,0.18t,0.18t,0.16t,0.17t,0.20t,0.15t,0.13t,0.21t,..t,0.32t,0.23t,0.32t,0.29t,0.24t,0.15t,0.27t,0.33t,0.34t,0.39t,0.49t,0.50t,0.37t,0.35t,0.36t,0.32t,0.33t,0.38t,0.45t
First coupon of Canada Savings Bonds (Terminated),3.00t,3.00t,3.00t,3.00t,3.00t,3.00t,3.00t,3.00t,3.00t,3.00t,3.00t,3.00t,3.00t,3.00t,3.00t,3.00t,4.00t,4.00t,4.00t,4.00t,4.00t,4.00t,4.00t,4.00t,4.00t,4.00t,4.00t,4.00t,4.40t,4.40t,4.40t,4.40t,4.40t,4.40t,4.40t,4.40t,4.40t,4.40t,4.40t,4.40t,4.85t,4.85t,4.85t,4.85t,4.85t,4.85t,4.85t,4.85t,4.85t,4.85t,4.85t,4.85t,1.80t,1.80t,1.80t,1.80t,1.80t,1.80t,1.80t,1.80t,1.80t,1.80t,1.80t,1.80t,2.00t,2.00t,2.00t,2.00t,2.00t,2.00t,2.00t,2.00t,2.00t,2.00t,2.00t,2.00t,1.65t,1.65t,1.65t,1.65t,1.65t,1.65t,1.65t,1.65t,1.65t,1.65t,1.65t,1.65t,1.50t,1.50t,1.50t,1.50t,1.50t,1.50t,1.50t,1.50t,1.50t,1.50t,1.50t,1.50t,2.00t,2.00t,2.00t,2.00t,2.00t,2.00t,2.00t,2.00t,2.00t,2.00t,2.00t,2.00t,3.00t,3.00t,3.00t,3.00t,3.00t,3.00t,3.00t,3.00t,3.00t,3.00t,3.00t,3.00t,3.25t,3.25t,3.25t,3.25t,3.25t,3.25t,3.25t,3.25t,3.25t,3.25t,3.25t,3.25t,2.00t,2.00t,2.00t,2.00t,2.00t,2.00t,2.00t,2.00t,2.00t,2.00t,2.00t,2.00t,0.40t,0.40t,0.40t,0.40t,0.40t,0.40t,0.40t,0.40t,0.40t,0.40t,0.40t,0.40t,0.65t,0.65t,0.65t,0.65t,0.65t,0.65t,0.65t,0.65t,0.65t,0.65t,0.65t,0.65t,0.50t,0.50t,0.50t,0.50t,0.50t,0.50t,0.50t,0.50t,0.50t,0.50t,0.50t,0.50t,0.50t,0.50t,0.50t,0.50t,0.50t,0.50t,0.50t,0.50t,0.50t,0.50t,0.50t,0.50t,0.50t,0.50t,0.50t,0.50t,0.50t,0.50t,0.50t,0.50t,0.50t,0.50t,0.50t,0.50t,0.50t,0.50t,0.50t,0.50t,0.50t,0.50t,0.50t,0.50t,0.50t,0.50t,0.50t,0.50t,0.50t,0.50t,0.50t,0.50t,0.50t,0.50t,0.50t,0.50t,0.50t
,,,,,,,,,,,,,,,,,,,,,,,,,,,,,,,,,,,,,,,,,,,,,,,,,,,,,,,,,,,,,,,,,,,,,,,,,,,,,,,,,,,,,,,,,,,,,,,,,,,,,,,,,,,,,,,,,,,,,,,,,,,,,,,,,,,,,,,,,,,,,,,,,,,,,,,,,,,,,,,,,,,,,,,,,,,,,,,,,,,,,,,,,,,,,,,,,,,,,,,,,,,,,,,,,,,,,,,,,,,,,,,,,,,,,
Symbol legend:,,,,,,,,,,,,,,,,,,,,,,,,,,,,,,,,,,,,,,,,,,,,,,,,,,,,,,,,,,,,,,,,,,,,,,,,,,,,,,,,,,,,,,,,,,,,,,,,,,,,,,,,,,,,,,,,,,,,,,,,,,,,,,,,,,,,,,,,,,,,,,,,,,,,,,,,,,,,,,,,,,,,,,,,,,,,,,,,,,,,,,,,,,,,,,,,,,,,,,,,,,,,,,,,,,,,,,,,,,,,,,,,,,,,,
.., not available for a specific reference period,,,,,,,,,,,,,,,,,,,,,,,,,,,,,,,,,,,,,,,,,,,,,,,,,,,,,,,,,,,,,,,,,,,,,,,,,,,,,,,,,,,,,,,,,,,,,,,,,,,,,,,,,,,,,,,,,,,,,,,,,,,,,,,,,,,,,,,,,,,,,,,,,,,,,,,,,,,,,,,,,,,,,,,,,,,,,,,,,,,,,,,,,,,,,,,,,,,,,,,,,,,,,,,,,,,,,,,,,,,,,,,,,,,,
,,,,,,,,,,,,,,,,,,,,,,,,,,,,,,,,,,,,,,,,,,,,,,,,,,,,,,,,,,,,,,,,,,,,,,,,,,,,,,,,,,,,,,,,,,,,,,,,,,,,,,,,,,,,,,,,,,,,,,,,,,,,,,,,,,,,,,,,,,,,,,,,,,,,,,,,,,,,,,,,,,,,,,,,,,,,,,,,,,,,,,,,,,,,,,,,,,,,,,,,,,,,,,,,,,,,,,,,,,,,,,,,,,,,,
,,,,,,,,,,,,,,,,,,,,,,,,,,,,,,,,,,,,,,,,,,,,,,,,,,,,,,,,,,,,,,,,,,,,,,,,,,,,,,,,,,,,,,,,,,,,,,,,,,,,,,,,,,,,,,,,,,,,,,,,,,,,,,,,,,,,,,,,,,,,,,,,,,,,,,,,,,,,,,,,,,,,,,,,,,,,,,,,,,,,,,,,,,,,,,,,,,,,,,,,,,,,,,,,,,,,,,,,,,,,,,,,,,,,,
,,,,,,,,,,,,,,,,,,,,,,,,,,,,,,,,,,,,,,,,,,,,,,,,,,,,,,,,,,,,,,,,,,,,,,,,,,,,,,,,,,,,,,,,,,,,,,,,,,,,,,,,,,,,,,,,,,,,,,,,,,,,,,,,,,,,,,,,,,,,,,,,,,,,,,,,,,,,,,,,,,,,,,,,,,,,,,,,,,,,,,,,,,,,,,,,,,,,,,,,,,,,,,,,,,,,,,,,,,,,,,,,,,,,,
,,,,,,,,,,,,,,,,,,,,,,,,,,,,,,,,,,,,,,,,,,,,,,,,,,,,,,,,,,,,,,,,,,,,,,,,,,,,,,,,,,,,,,,,,,,,,,,,,,,,,,,,,,,,,,,,,,,,,,,,,,,,,,,,,,,,,,,,,,,,,,,,,,,,,,,,,,,,,,,,,,,,,,,,,,,,,,,,,,,,,,,,,,,,,,,,,,,,,,,,,,,,,,,,,,,,,,,,,,,,,,,,,,,,,
Footnotes:,,,,,,,,,,,,,,,,,,,,,,,,,,,,,,,,,,,,,,,,,,,,,,,,,,,,,,,,,,,,,,,,,,,,,,,,,,,,,,,,,,,,,,,,,,,,,,,,,,,,,,,,,,,,,,,,,,,,,,,,,,,,,,,,,,,,,,,,,,,,,,,,,,,,,,,,,,,,,,,,,,,,,,,,,,,,,,,,,,,,,,,,,,,,,,,,,,,,,,,,,,,,,,,,,,,,,,,,,,,,,,,,,,,,,
1,"The numeric value -99999"" means no transactions.""",,,,,,,,,,,,,,,,,,,,,,,,,,,,,,,,,,,,,,,,,,,,,,,,,,,,,,,,,,,,,,,,,,,,,,,,,,,,,,,,,,,,,,,,,,,,,,,,,,,,,,,,,,,,,,,,,,,,,,,,,,,,,,,,,,,,,,,,,,,,,,,,,,,,,,,,,,,,,,,,,,,,,,,,,,,,,,,,,,,,,,,,,,,,,,,,,,,,,,,,,,,,,,,,,,,,,,,,,,,,,,,,,,,,
2,The composition of the bond portfolio is available on request from Scotia Capital Inc.,,,,,,,,,,,,,,,,,,,,,,,,,,,,,,,,,,,,,,,,,,,,,,,,,,,,,,,,,,,,,,,,,,,,,,,,,,,,,,,,,,,,,,,,,,,,,,,,,,,,,,,,,,,,,,,,,,,,,,,,,,,,,,,,,,,,,,,,,,,,,,,,,,,,,,,,,,,,,,,,,,,,,,,,,,,,,,,,,,,,,,,,,,,,,,,,,,,,,,,,,,,,,,,,,,,,,,,,,,,,,,,,,,,,
3,The most typical of those offered by the major chartered banks.,,,,,,,,,,,,,,,,,,,,,,,,,,,,,,,,,,,,,,,,,,,,,,,,,,,,,,,,,,,,,,,,,,,,,,,,,,,,,,,,,,,,,,,,,,,,,,,,,,,,,,,,,,,,,,,,,,,,,,,,,,,,,,,,,,,,,,,,,,,,,,,,,,,,,,,,,,,,,,,,,,,,,,,,,,,,,,,,,,,,,,,,,,,,,,,,,,,,,,,,,,,,,,,,,,,,,,,,,,,,,,,,,,,,
4,"Terminated as of October 1st, 2019. More information is available on the Bank of Canada’s <a href=https://www.bankofcanada.ca/2019/08/changes-to-publication-interest-rate/"">website</a>.""",,,,,,,,,,,,,,,,,,,,,,,,,,,,,,,,,,,,,,,,,,,,,,,,,,,,,,,,,,,,,,,,,,,,,,,,,,,,,,,,,,,,,,,,,,,,,,,,,,,,,,,,,,,,,,,,,,,,,,,,,,,,,,,,,,,,,,,,,,,,,,,,,,,,,,,,,,,,,,,,,,,,,,,,,,,,,,,,,,,,,,,,,,,,,,,,,,,,,,,,,,,,,,,,,,,,,,,,,,,,,,,,,,,,
5,"Prior to April 1973, the rates are averages of rates posted by major finance company participants in the market. From July 1966 to March 1973, the average was weighted by the amount of paper outstanding for each of the finance companies in the average; prior to that time it was unweighted. Between March 1973 and February 1979, the rate shown is the Bank of Canada's best estimate of operative market trading levels for major finance company paper borrowers.",,,,,,,,,,,,,,,,,,,,,,,,,,,,,,,,,,,,,,,,,,,,,,,,,,,,,,,,,,,,,,,,,,,,,,,,,,,,,,,,,,,,,,,,,,,,,,,,,,,,,,,,,,,,,,,,,,,,,,,,,,,,,,,,,,,,,,,,,,,,,,,,,,,,,,,,,,,,,,,,,,,,,,,,,,,,,,,,,,,,,,,,,,,,,,,,,,,,,,,,,,,,,,,,,,,,,,,,,,,,,,,,,,,,
6,"As of January 2019, the Bank of Canada will no longer publish the daily, weekly or monthly prime commercial paper (CP) or bankers’ acceptance (BA) rates. The 1- and 3-month transaction-based BA rates will be publicly available, for informational purposes only, on the website of the Investment Industry Regulatory Organization of Canada (<a href=http://www.iiroc.ca/industry/marketmonitoringanalysis/Pages/BA-Rate.aspx"">IIROC</a>) on a delayed basis. The historical data for these rates will continue to be available on the Bank of Canada website at the <a href=""https://www.bankofcanada.ca/rates/interest-rates/"">Selected Historical Interest Rates</a> page.""",,,,,,,,,,,,,,,,,,,,,,,,,,,,,,,,,,,,,,,,,,,,,,,,,,,,,,,,,,,,,,,,,,,,,,,,,,,,,,,,,,,,,,,,,,,,,,,,,,,,,,,,,,,,,,,,,,,,,,,,,,,,,,,,,,,,,,,,,,,,,,,,,,,,,,,,,,,,,,,,,,,,,,,,,,,,,,,,,,,,,,,,,,,,,,,,,,,,,,,,,,,,,,,,,,,,,,,,,,,,,,,,,,,,
7,Mid-market rates for typical quotes.,,,,,,,,,,,,,,,,,,,,,,,,,,,,,,,,,,,,,,,,,,,,,,,,,,,,,,,,,,,,,,,,,,,,,,,,,,,,,,,,,,,,,,,,,,,,,,,,,,,,,,,,,,,,,,,,,,,,,,,,,,,,,,,,,,,,,,,,,,,,,,,,,,,,,,,,,,,,,,,,,,,,,,,,,,,,,,,,,,,,,,,,,,,,,,,,,,,,,,,,,,,,,,,,,,,,,,,,,,,,,,,,,,,,
8,"Bank of Canada estimate at which investment dealers were able to arrange most of their overnight financing of money market inventory, excluding chartered bank day-to-day loans and purchase and resale agreements with the Bank of Canada. The rates are seven-day average for the week ending with the last Wednesday of the month.",,,,,,,,,,,,,,,,,,,,,,,,,,,,,,,,,,,,,,,,,,,,,,,,,,,,,,,,,,,,,,,,,,,,,,,,,,,,,,,,,,,,,,,,,,,,,,,,,,,,,,,,,,,,,,,,,,,,,,,,,,,,,,,,,,,,,,,,,,,,,,,,,,,,,,,,,,,,,,,,,,,,,,,,,,,,,,,,,,,,,,,,,,,,,,,,,,,,,,,,,,,,,,,,,,,,,,,,,,,,,,,,,,,,
9,"The yields refer to direct debt payable in Canadian dollars, excluding extendible issues and Canada Savings Bonds. Prior to 1975, some extendible issues are included but their inclusion does not materially affect the calculated average yields. Calculated from the last Wednesday mid-market closing prices.",,,,,,,,,,,,,,,,,,,,,,,,,,,,,,,,,,,,,,,,,,,,,,,,,,,,,,,,,,,,,,,,,,,,,,,,,,,,,,,,,,,,,,,,,,,,,,,,,,,,,,,,,,,,,,,,,,,,,,,,,,,,,,,,,,,,,,,,,,,,,,,,,,,,,,,,,,,,,,,,,,,,,,,,,,,,,,,,,,,,,,,,,,,,,,,,,,,,,,,,,,,,,,,,,,,,,,,,,,,,,,,,,,,,
10,"Prior to 1978, the rate shown is a simple average of rates charged by a number of large institutional lenders, including chartered banks for residential mortgage loans as at mid-month. Between 1967 and 1970, the average rate shown includes rates for twenty-five year mortgages. Prior to 1967, the average rate shown is exclusively for twenty-five year mortgages.",,,,,,,,,,,,,,,,,,,,,,,,,,,,,,,,,,,,,,,,,,,,,,,,,,,,,,,,,,,,,,,,,,,,,,,,,,,,,,,,,,,,,,,,,,,,,,,,,,,,,,,,,,,,,,,,,,,,,,,,,,,,,,,,,,,,,,,,,,,,,,,,,,,,,,,,,,,,,,,,,,,,,,,,,,,,,,,,,,,,,,,,,,,,,,,,,,,,,,,,,,,,,,,,,,,,,,,,,,,,,,,,,,,,
11,"Effective December 2017, v122497 has been terminated. This data is available on Statistics Canada's CANSIM Table 027-0015 Canada Mortgage and Housing Corporation", conventional mortgage lending rate," 5-year term"".""",,,,,,,,,,,,,,,,,,,,,,,,,,,,,,,,,,,,,,,,,,,,,,,,,,,,,,,,,,,,,,,,,,,,,,,,,,,,,,,,,,,,,,,,,,,,,,,,,,,,,,,,,,,,,,,,,,,,,,,,,,,,,,,,,,,,,,,,,,,,,,,,,,,,,,,,,,,,,,,,,,,,,,,,,,,,,,,,,,,,,,,,,,,,,,,,,,,,,,,,,,,,,,,,,,,,,,,,,,,,,,,,,,
12,Month-end.,,,,,,,,,,,,,,,,,,,,,,,,,,,,,,,,,,,,,,,,,,,,,,,,,,,,,,,,,,,,,,,,,,,,,,,,,,,,,,,,,,,,,,,,,,,,,,,,,,,,,,,,,,,,,,,,,,,,,,,,,,,,,,,,,,,,,,,,,,,,,,,,,,,,,,,,,,,,,,,,,,,,,,,,,,,,,,,,,,,,,,,,,,,,,,,,,,,,,,,,,,,,,,,,,,,,,,,,,,,,,,,,,,,,
,,,,,,,,,,,,,,,,,,,,,,,,,,,,,,,,,,,,,,,,,,,,,,,,,,,,,,,,,,,,,,,,,,,,,,,,,,,,,,,,,,,,,,,,,,,,,,,,,,,,,,,,,,,,,,,,,,,,,,,,,,,,,,,,,,,,,,,,,,,,,,,,,,,,,,,,,,,,,,,,,,,,,,,,,,,,,,,,,,,,,,,,,,,,,,,,,,,,,,,,,,,,,,,,,,,,,,,,,,,,,,,,,,,,,
,,,,,,,,,,,,,,,,,,,,,,,,,,,,,,,,,,,,,,,,,,,,,,,,,,,,,,,,,,,,,,,,,,,,,,,,,,,,,,,,,,,,,,,,,,,,,,,,,,,,,,,,,,,,,,,,,,,,,,,,,,,,,,,,,,,,,,,,,,,,,,,,,,,,,,,,,,,,,,,,,,,,,,,,,,,,,,,,,,,,,,,,,,,,,,,,,,,,,,,,,,,,,,,,,,,,,,,,,,,,,,,,,,,,,
,,,,,,,,,,,,,,,,,,,,,,,,,,,,,,,,,,,,,,,,,,,,,,,,,,,,,,,,,,,,,,,,,,,,,,,,,,,,,,,,,,,,,,,,,,,,,,,,,,,,,,,,,,,,,,,,,,,,,,,,,,,,,,,,,,,,,,,,,,,,,,,,,,,,,,,,,,,,,,,,,,,,,,,,,,,,,,,,,,,,,,,,,,,,,,,,,,,,,,,,,,,,,,,,,,,,,,,,,,,,,,,,,,,,,
"How to cite: Statistics Canada. Table 10-10-0122-01  Financial market statistics, last Wednesday unless otherwise stated, Bank of Canada",,,,,,,,,,,,,,,,,,,,,,,,,,,,,,,,,,,,,,,,,,,,,,,,,,,,,,,,,,,,,,,,,,,,,,,,,,,,,,,,,,,,,,,,,,,,,,,,,,,,,,,,,,,,,,,,,,,,,,,,,,,,,,,,,,,,,,,,,,,,,,,,,,,,,,,,,,,,,,,,,,,,,,,,,,,,,,,,,,,,,,,,,,,,,,,,,,,,,,,,,,,,,,,,,,,,,,,,,,,,,,,,,,,,,
https://www150.statcan.gc.ca/t1/tbl1/en/tv.action?pid=1010012201,,,,,,,,,,,,,,,,,,,,,,,,,,,,,,,,,,,,,,,,,,,,,,,,,,,,,,,,,,,,,,,,,,,,,,,,,,,,,,,,,,,,,,,,,,,,,,,,,,,,,,,,,,,,,,,,,,,,,,,,,,,,,,,,,,,,,,,,,,,,,,,,,,,,,,,,,,,,,,,,,,,,,,,,,,,,,,,,,,,,,,,,,,,,,,,,,,,,,,,,,,,,,,,,,,,,,,,,,,,,,,,,,,,,,
