"Gross domestic product (GDP) at basic prices, by industry, monthly (x 1,000,000) 1 2",,,,,,,,,,,,,,,,,,,,,,,,,,,,,,,,,,,,,,,,,,,,,,,,,,,,,,,,,,,,,,,,,,,,,,,,,,,,,,,,,,,,,,,,,,,,,,,,,,,,,,,,,,,,,,,,,,,,,,,,,,,,,,,,,,,,,,,,,,,,,,,,,,,,,,,,,,,,,,,,,,,,,,,,,,,,,,,,,,,,,,,,,,,,,,,,,,,,,,,,,,,,,,,,,,,,,,,,,,,,,,,,,,,,,
Frequency: Monthly,,,,,,,,,,,,,,,,,,,,,,,,,,,,,,,,,,,,,,,,,,,,,,,,,,,,,,,,,,,,,,,,,,,,,,,,,,,,,,,,,,,,,,,,,,,,,,,,,,,,,,,,,,,,,,,,,,,,,,,,,,,,,,,,,,,,,,,,,,,,,,,,,,,,,,,,,,,,,,,,,,,,,,,,,,,,,,,,,,,,,,,,,,,,,,,,,,,,,,,,,,,,,,,,,,,,,,,,,,,,,,,,,,,,,
Table: 36-10-0434-01 (formerly CANSIM 379-0031),,,,,,,,,,,,,,,,,,,,,,,,,,,,,,,,,,,,,,,,,,,,,,,,,,,,,,,,,,,,,,,,,,,,,,,,,,,,,,,,,,,,,,,,,,,,,,,,,,,,,,,,,,,,,,,,,,,,,,,,,,,,,,,,,,,,,,,,,,,,,,,,,,,,,,,,,,,,,,,,,,,,,,,,,,,,,,,,,,,,,,,,,,,,,,,,,,,,,,,,,,,,,,,,,,,,,,,,,,,,,,,,,,,,,
Release date: 2024-09-27,,,,,,,,,,,,,,,,,,,,,,,,,,,,,,,,,,,,,,,,,,,,,,,,,,,,,,,,,,,,,,,,,,,,,,,,,,,,,,,,,,,,,,,,,,,,,,,,,,,,,,,,,,,,,,,,,,,,,,,,,,,,,,,,,,,,,,,,,,,,,,,,,,,,,,,,,,,,,,,,,,,,,,,,,,,,,,,,,,,,,,,,,,,,,,,,,,,,,,,,,,,,,,,,,,,,,,,,,,,,,,,,,,,,,
Geography: Canada,,,,,,,,,,,,,,,,,,,,,,,,,,,,,,,,,,,,,,,,,,,,,,,,,,,,,,,,,,,,,,,,,,,,,,,,,,,,,,,,,,,,,,,,,,,,,,,,,,,,,,,,,,,,,,,,,,,,,,,,,,,,,,,,,,,,,,,,,,,,,,,,,,,,,,,,,,,,,,,,,,,,,,,,,,,,,,,,,,,,,,,,,,,,,,,,,,,,,,,,,,,,,,,,,,,,,,,,,,,,,,,,,,,,,
,,,,,,,,,,,,,,,,,,,,,,,,,,,,,,,,,,,,,,,,,,,,,,,,,,,,,,,,,,,,,,,,,,,,,,,,,,,,,,,,,,,,,,,,,,,,,,,,,,,,,,,,,,,,,,,,,,,,,,,,,,,,,,,,,,,,,,,,,,,,,,,,,,,,,,,,,,,,,,,,,,,,,,,,,,,,,,,,,,,,,,,,,,,,,,,,,,,,,,,,,,,,,,,,,,,,,,,,,,,,,,,,,,,,,
,,,,,,,,,,,,,,,,,,,,,,,,,,,,,,,,,,,,,,,,,,,,,,,,,,,,,,,,,,,,,,,,,,,,,,,,,,,,,,,,,,,,,,,,,,,,,,,,,,,,,,,,,,,,,,,,,,,,,,,,,,,,,,,,,,,,,,,,,,,,,,,,,,,,,,,,,,,,,,,,,,,,,,,,,,,,,,,,,,,,,,,,,,,,,,,,,,,,,,,,,,,,,,,,,,,,,,,,,,,,,,,,,,,,,
,,,,,,,,,,,,,,,,,,,,,,,,,,,,,,,,,,,,,,,,,,,,,,,,,,,,,,,,,,,,,,,,,,,,,,,,,,,,,,,,,,,,,,,,,,,,,,,,,,,,,,,,,,,,,,,,,,,,,,,,,,,,,,,,,,,,,,,,,,,,,,,,,,,,,,,,,,,,,,,,,,,,,,,,,,,,,,,,,,,,,,,,,,,,,,,,,,,,,,,,,,,,,,,,,,,,,,,,,,,,,,,,,,,,,
Seasonal adjustment,Seasonally adjusted at annual rates,,,,,,,,,,,,,,,,,,,,,,,,,,,,,,,,,,,,,,,,,,,,,,,,,,,,,,,,,,,,,,,,,,,,,,,,,,,,,,,,,,,,,,,,,,,,,,,,,,,,,,,,,,,,,,,,,,,,,,,,,,,,,,,,,,,,,,,,,,,,,,,,,,,,,,,,,,,,,,,,,,,,,,,,,,,,,,,,,,,,,,,,,,,,,,,,,,,,,,,,,,,,,,,,,,,,,,,,,,,,,,,,,,,,
Prices,Chained (2017) dollars 3,,,,,,,,,,,,,,,,,,,,,,,,,,,,,,,,,,,,,,,,,,,,,,,,,,,,,,,,,,,,,,,,,,,,,,,,,,,,,,,,,,,,,,,,,,,,,,,,,,,,,,,,,,,,,,,,,,,,,,,,,,,,,,,,,,,,,,,,,,,,,,,,,,,,,,,,,,,,,,,,,,,,,,,,,,,,,,,,,,,,,,,,,,,,,,,,,,,,,,,,,,,,,,,,,,,,,,,,,,,,,,,,,,,,
Geography,Canada,,,,,,,,,,,,,,,,,,,,,,,,,,,,,,,,,,,,,,,,,,,,,,,,,,,,,,,,,,,,,,,,,,,,,,,,,,,,,,,,,,,,,,,,,,,,,,,,,,,,,,,,,,,,,,,,,,,,,,,,,,,,,,,,,,,,,,,,,,,,,,,,,,,,,,,,,,,,,,,,,,,,,,,,,,,,,,,,,,,,,,,,,,,,,,,,,,,,,,,,,,,,,,,,,,,,,,,,,,,,,,,,,,,,
North American Industry Classification System (NAICS),Jul-97,Aug-97,Sep-97,Oct-97,Nov-97,Dec-97,Jan-98,Feb-98,Mar-98,Apr-98,May-98,Jun-98,Jul-98,Aug-98,Sep-98,Oct-98,Nov-98,Dec-98,Jan-99,Feb-99,Mar-99,Apr-99,May-99,Jun-99,Jul-99,Aug-99,Sep-99,Oct-99,Nov-99,Dec-99,Jan-00,Feb-00,Mar-00,Apr-00,May-00,Jun-00,Jul-00,Aug-00,Sep-00,Oct-00,Nov-00,Dec-00,Jan-01,Feb-01,Mar-01,Apr-01,May-01,Jun-01,Jul-01,Aug-01,Sep-01,Oct-01,Nov-01,Dec-01,Jan-02,Feb-02,Mar-02,Apr-02,May-02,Jun-02,Jul-02,Aug-02,Sep-02,Oct-02,Nov-02,Dec-02,Jan-03,Feb-03,Mar-03,Apr-03,May-03,Jun-03,Jul-03,Aug-03,Sep-03,Oct-03,Nov-03,Dec-03,Jan-04,Feb-04,Mar-04,Apr-04,May-04,Jun-04,Jul-04,Aug-04,Sep-04,Oct-04,Nov-04,Dec-04,Jan-05,Feb-05,Mar-05,Apr-05,May-05,Jun-05,Jul-05,Aug-05,Sep-05,Oct-05,Nov-05,Dec-05,Jan-06,Feb-06,Mar-06,Apr-06,May-06,Jun-06,Jul-06,Aug-06,Sep-06,Oct-06,Nov-06,Dec-06,Jan-07,Feb-07,Mar-07,Apr-07,May-07,Jun-07,Jul-07,Aug-07,Sep-07,Oct-07,Nov-07,Dec-07,Jan-08,Feb-08,Mar-08,Apr-08,May-08,Jun-08,Jul-08,Aug-08,Sep-08,Oct-08,Nov-08,Dec-08,Jan-09,Feb-09,Mar-09,Apr-09,May-09,Jun-09,Jul-09,Aug-09,Sep-09,Oct-09,Nov-09,Dec-09,Jan-10,Feb-10,Mar-10,Apr-10,May-10,Jun-10,Jul-10,Aug-10,Sep-10,Oct-10,Nov-10,Dec-10,Jan-11,Feb-11,Mar-11,Apr-11,May-11,Jun-11,Jul-11,Aug-11,Sep-11,Oct-11,Nov-11,Dec-11,Jan-12,Feb-12,Mar-12,Apr-12,May-12,Jun-12,Jul-12,Aug-12,Sep-12,Oct-12,Nov-12,Dec-12,Jan-13,Feb-13,Mar-13,Apr-13,May-13,Jun-13,Jul-13,Aug-13,Sep-13,Oct-13,Nov-13,Dec-13,Jan-14,Feb-14,Mar-14,Apr-14,May-14,Jun-14,Jul-14,Aug-14,Sep-14,Oct-14,Nov-14,Dec-14,Jan-15,Feb-15,Mar-15,Apr-15,May-15,Jun-15,Jul-15,Aug-15,Sep-15,Oct-15,Nov-15,Dec-15,Jan-16,Feb-16,Mar-16,Apr-16,May-16,Jun-16,Jul-16
,Dollars,,,,,,,,,,,,,,,,,,,,,,,,,,,,,,,,,,,,,,,,,,,,,,,,,,,,,,,,,,,,,,,,,,,,,,,,,,,,,,,,,,,,,,,,,,,,,,,,,,,,,,,,,,,,,,,,,,,,,,,,,,,,,,,,,,,,,,,,,,,,,,,,,,,,,,,,,,,,,,,,,,,,,,,,,,,,,,,,,,,,,,,,,,,,,,,,,,,,,,,,,,,,,,,,,,,,,,,,,,,,,,,,,,,,
All industries  [T001] 4,"1,239,600","1,241,159","1,243,280","1,248,094","1,249,051","1,260,377","1,255,016","1,267,061","1,271,561","1,272,245","1,269,918","1,269,609","1,269,215","1,281,428","1,285,566","1,291,404","1,294,820","1,306,806","1,311,198","1,317,514","1,317,813","1,326,760","1,328,976","1,338,135","1,345,558","1,352,460","1,361,471","1,365,437","1,376,768","1,385,812","1,392,822","1,392,966","1,404,498","1,402,942","1,410,828","1,416,025","1,419,158","1,424,352","1,426,901","1,429,596","1,430,590","1,434,192","1,434,295","1,433,843","1,434,685","1,433,399","1,439,506","1,438,295","1,436,172","1,440,974","1,433,233","1,439,780","1,449,065","1,447,511","1,463,177","1,471,175","1,469,679","1,480,103","1,482,323","1,483,988","1,489,746","1,495,281","1,491,822","1,500,765","1,500,000","1,495,415","1,503,083","1,506,922","1,505,292","1,500,278","1,504,638","1,509,059","1,516,896","1,502,384","1,520,964","1,527,651","1,529,285","1,535,717","1,538,379","1,537,381","1,551,047","1,554,989","1,556,495","1,564,093","1,565,550","1,572,221","1,576,659","1,577,208","1,583,191","1,583,575","1,591,349","1,592,499","1,587,122","1,598,907","1,605,776","1,610,588","1,614,748","1,620,834","1,622,168","1,627,587","1,636,455","1,645,055","1,649,021","1,652,615","1,656,380","1,656,732","1,657,513","1,654,837","1,657,920","1,659,196","1,656,876","1,659,594","1,663,364","1,673,956","1,670,535","1,678,760","1,682,294","1,684,443","1,691,753","1,696,447","1,696,013","1,700,841","1,697,794","1,699,351","1,700,851","1,694,291","1,701,279","1,698,189","1,701,248","1,704,814","1,704,784","1,708,170","1,715,622","1,714,295","1,714,712","1,712,871","1,695,651","1,672,410","1,664,411","1,655,773","1,642,352","1,637,034","1,635,329","1,637,232","1,639,863","1,639,145","1,651,417","1,653,106","1,662,710","1,667,429","1,677,635","1,686,315","1,694,468","1,692,492","1,700,050","1,704,611","1,707,189","1,712,496","1,712,435","1,721,370","1,729,551","1,741,609","1,747,291","1,744,126","1,749,485","1,749,674","1,745,781","1,753,348","1,765,251","1,774,000","1,778,754","1,778,522","1,780,501","1,789,093","1,787,647","1,783,169","1,787,826","1,794,148","1,797,125","1,798,133","1,801,749","1,799,417","1,799,218","1,798,409","1,806,944","1,806,713","1,816,978","1,822,370","1,828,635","1,831,835","1,836,826","1,830,161","1,840,718","1,848,826","1,855,132","1,865,193","1,869,835","1,862,159","1,863,035","1,872,372","1,877,319","1,881,089","1,892,936","1,901,582","1,904,250","1,900,262","1,907,872","1,913,355","1,914,614","1,917,559","1,909,603","1,907,049","1,905,988","1,905,441","1,904,409","1,909,593","1,914,406","1,918,458","1,910,530","1,912,301","1,916,787","1,918,886","1,930,434","1,924,854","1,917,766","1,922,103","1,911,266","1,920,490","1,931,887"
Goods-producing industries  [T002] 4,"397,394","397,161","397,088","400,841","401,553","401,881","401,649","405,236","406,941","406,702","403,336","401,378","396,827","405,498","406,423","408,271","410,133","416,272","419,362","419,930","418,314","422,020","422,861","428,143","432,377","435,787","440,077","439,262","444,293","450,612","452,299","450,094","453,907","453,225","457,936","459,135","458,299","460,263","460,678","461,022","461,859","462,476","455,602","456,795","455,417","455,868","456,934","453,327","449,750","452,131","447,240","448,707","449,621","443,156","453,366","458,286","457,591","464,161","463,643","462,783","465,526","465,766","462,837","466,722","464,604","460,644","465,262","466,645","465,898","464,573","464,399","463,328","467,494","463,954","470,507","473,245","474,259","477,000","478,347","476,075","480,262","481,719","481,564","485,757","484,458","486,138","488,142","488,722","489,466","489,656","494,014","490,505","487,288","493,250","497,201","495,519","497,635","498,787","499,726","499,544","503,043","507,519","505,721","505,859","505,896","503,276","502,417","499,389","499,991","499,166","494,970","495,554","495,157","498,133","497,602","501,378","501,898","499,942","501,573","502,610","499,174","502,525","500,395","497,287","496,728","491,628","494,108","494,136","494,029","495,362","494,387","495,531","500,841","496,930","494,451","494,028","486,283","471,091","463,957","455,566","445,024","437,504","435,446","434,848","434,955","434,854","442,428","443,480","449,703","449,355","455,964","462,330","466,430","465,578","472,356","474,989","475,184","475,354","473,089","477,398","478,995","485,622","485,871","484,258","488,364","489,426","482,989","486,598","494,080","499,767","502,678","500,127","500,035","504,770","504,124","497,847","499,738","505,162","505,058","503,597","503,106","500,534","500,277","501,949","506,486","506,327","510,174","514,855","517,602","517,135","517,238","512,949","518,207","522,006","525,081","529,723","529,164","523,749","524,256","530,386","531,705","534,836","539,687","543,859","542,469","535,966","542,208","546,127","546,021","546,868","542,604","538,444","535,146","532,254","532,706","533,050","535,165","540,272","532,098","531,775","532,357","532,036","535,618","530,212","524,772","526,789","514,234","521,424","528,131"
Service-producing industries  [T003] 4,"836,639","838,377","840,557","841,485","841,656","852,653","847,545","855,927","858,714","859,675","860,804","862,505","866,681","870,206","873,439","877,402","878,944","884,740","886,032","891,858","893,873","899,088","900,413","904,134","907,181","910,519","915,067","919,844","925,981","928,576","933,869","936,549","944,251","943,431","946,337","950,391","954,533","957,679","959,824","962,133","962,124","965,044","972,672","970,856","973,157","971,313","976,347","979,000","980,690","982,983","980,362","985,455","993,941","999,431","1,004,197","1,007,150","1,006,372","1,009,998","1,012,716","1,015,283","1,018,208","1,023,570","1,023,145","1,028,099","1,029,544","1,029,069","1,031,942","1,034,505","1,033,731","1,030,098","1,034,702","1,040,336","1,043,727","1,032,634","1,044,342","1,048,106","1,048,688","1,052,352","1,053,685","1,055,238","1,064,705","1,067,200","1,068,971","1,072,193","1,075,109","1,080,056","1,082,416","1,082,295","1,087,542","1,087,667","1,090,656","1,095,846","1,093,987","1,099,499","1,102,172","1,109,126","1,111,077","1,116,096","1,116,432","1,122,250","1,127,478","1,131,336","1,137,415","1,141,116","1,144,972","1,148,207","1,149,819","1,150,319","1,152,723","1,154,906","1,157,174","1,159,291","1,163,617","1,171,242","1,168,124","1,172,510","1,175,672","1,180,160","1,185,962","1,189,742","1,193,196","1,194,470","1,193,733","1,198,775","1,200,921","1,199,876","1,204,113","1,201,076","1,204,678","1,207,028","1,208,236","1,210,437","1,211,907","1,215,031","1,218,239","1,216,510","1,207,244","1,200,557","1,202,314","1,202,176","1,199,502","1,201,906","1,202,253","1,204,742","1,207,250","1,206,585","1,211,028","1,211,690","1,214,958","1,220,258","1,223,988","1,226,075","1,229,951","1,228,781","1,229,010","1,230,660","1,232,927","1,238,010","1,240,277","1,244,616","1,251,142","1,256,213","1,261,789","1,260,319","1,261,270","1,260,334","1,263,669","1,267,630","1,271,775","1,274,674","1,276,639","1,279,413","1,281,587","1,285,065","1,284,283","1,286,483","1,288,997","1,289,367","1,292,413","1,294,971","1,299,149","1,299,575","1,299,646","1,297,016","1,300,838","1,300,852","1,307,261","1,307,697","1,311,141","1,314,973","1,319,993","1,317,815","1,322,884","1,326,996","1,330,072","1,335,262","1,340,563","1,338,482","1,338,723","1,341,741","1,345,494","1,346,015","1,352,953","1,357,318","1,361,641","1,364,661","1,365,617","1,366,946","1,368,312","1,370,318","1,367,403","1,368,960","1,371,174","1,373,473","1,371,947","1,376,746","1,379,433","1,378,341","1,378,523","1,380,602","1,384,457","1,386,853","1,395,008","1,394,697","1,392,951","1,395,321","1,396,728","1,398,921","1,403,709"
Business sector industries  [T004],..,..,..,..,..,..,..,..,..,..,..,..,..,..,..,..,..,..,..,..,..,..,..,..,..,..,..,..,..,..,..,..,..,..,..,..,..,..,..,..,..,..,..,..,..,..,..,..,..,..,..,..,..,..,..,..,..,..,..,..,..,..,..,..,..,..,..,..,..,..,..,..,..,..,..,..,..,..,..,..,..,..,..,..,..,..,..,..,..,..,..,..,..,..,..,..,..,..,..,..,..,..,..,..,..,..,..,..,..,..,..,..,..,..,"1,356,787","1,364,903","1,367,939","1,369,522","1,376,062","1,380,465","1,379,585","1,383,885","1,380,375","1,381,038","1,381,808","1,374,427","1,379,553","1,375,781","1,377,971","1,380,340","1,379,386","1,381,836","1,387,978","1,385,443","1,384,994","1,382,169","1,364,701","1,341,168","1,332,967","1,323,433","1,309,745","1,303,872","1,301,519","1,303,003","1,305,299","1,303,194","1,314,556","1,315,829","1,324,848","1,329,009","1,338,583","1,347,076","1,354,901","1,352,435","1,359,170","1,363,029","1,364,802","1,369,474","1,368,544","1,376,679","1,384,429","1,395,359","1,400,426","1,397,640","1,403,019","1,403,024","1,398,358","1,405,497","1,416,933","1,425,662","1,430,923","1,431,084","1,432,817","1,441,339","1,439,774","1,434,749","1,439,910","1,445,075","1,446,767","1,446,893","1,449,984","1,447,205","1,447,164","1,446,377","1,454,063","1,454,276","1,464,243","1,469,512","1,476,055","1,480,316","1,485,158","1,478,679","1,488,870","1,496,177","1,502,204","1,511,311","1,515,342","1,507,699","1,507,510","1,516,317","1,521,103","1,524,794","1,536,627","1,546,993","1,548,073","1,543,834","1,552,459","1,555,932","1,556,982","1,560,148","1,551,199","1,547,864","1,546,580","1,545,303","1,545,225","1,549,959","1,554,696","1,560,185","1,551,346","1,552,977","1,557,507","1,558,965","1,569,499","1,562,950","1,555,223","1,559,151","1,547,057","1,556,003","1,567,694"
Non-business sector industries  [T007],..,..,..,..,..,..,..,..,..,..,..,..,..,..,..,..,..,..,..,..,..,..,..,..,..,..,..,..,..,..,..,..,..,..,..,..,..,..,..,..,..,..,..,..,..,..,..,..,..,..,..,..,..,..,..,..,..,..,..,..,..,..,..,..,..,..,..,..,..,..,..,..,..,..,..,..,..,..,..,..,..,..,..,..,..,..,..,..,..,..,..,..,..,..,..,..,..,..,..,..,..,..,..,..,..,..,..,..,..,..,..,..,..,..,"310,472","310,998","311,987","313,022","314,050","314,613","315,354","316,002","316,714","317,607","318,275","319,210","320,855","321,796","322,737","324,039","325,062","325,963","327,175","328,477","329,311","330,356","330,957","331,866","332,657","333,721","334,217","334,923","335,663","336,124","336,496","338,023","338,887","339,337","339,891","340,489","341,164","341,334","341,567","342,064","342,711","343,257","343,867","344,293","345,085","345,641","345,834","346,794","347,215","346,898","346,825","347,133","348,171","348,730","349,329","349,526","349,254","349,031","349,339","349,288","349,243","349,843","349,062","350,019","351,165","351,856","352,185","352,626","352,388","352,355","353,205","352,827","353,039","353,172","352,972","351,942","352,132","352,007","352,315","353,044","353,226","354,028","354,490","354,365","355,230","355,839","356,131","356,295","356,325","354,536","356,267","356,601","355,477","357,502","357,685","357,373","358,474","359,216","359,438","360,161","359,160","359,612","359,699","358,202","359,130","359,289","359,212","359,864","360,962","361,881","362,548","362,978","364,230","364,513","364,208"
Industrial production  [T010] 4,"285,729","285,125","284,692","288,067","288,457","289,442","287,512","290,782","293,391","292,667","290,521","290,365","285,372","292,753","293,862","294,952","295,629","300,649","302,148","302,792","302,108","304,739","304,480","309,323","311,913","314,844","318,367","316,920","320,463","325,873","327,273","325,763","328,743","328,310","332,929","333,858","332,788","335,178","335,620","335,758","336,437","336,366","328,523","329,077","326,824","327,571","328,545","325,111","321,553","322,959","318,009","318,879","320,183","314,417","324,886","329,218","328,626","333,281","333,057","330,663","334,084","333,393","330,375","332,640","330,585","326,940","330,563","331,142","330,240","328,968","328,929","328,412","331,732","327,670","333,769","335,268","335,621","337,103","337,633","335,516","338,396","339,330","338,293","341,727","339,440","340,847","342,182","342,560","343,186","342,796","347,153","343,982","340,643","345,489","348,020","346,577","347,651","348,829","349,926","349,733","352,925","356,516","354,855","353,593","353,396","350,887","350,371","347,760","348,344","347,482","343,149","343,972","342,875","344,882","343,996","347,290","347,592","345,792","346,373","347,211","343,505","345,689","343,932","341,675","340,742","334,877","335,982","335,349","335,129","337,032","335,010","336,348","340,809","337,147","334,244","332,931","327,390","315,945","313,034","306,584","298,387","292,270","290,343","289,650","289,300","288,566","294,299","294,219","297,765","296,526","300,848","306,148","309,635","308,334","315,019","316,927","316,780","316,315","313,891","317,640","318,796","324,544","323,414","321,487","325,573","326,811","321,110","323,598","329,907","334,191","336,431","333,899","333,201","336,628","335,833","328,591","329,213","332,214","332,066","330,189","328,968","325,683","324,615","324,539","327,864","326,445","329,198","332,361","333,665","331,952","331,114","330,074","331,884","334,806","338,134","342,424","342,176","338,895","339,613","345,078","346,932","350,457","353,459","356,835","354,563","349,182","354,571","356,351","355,960","357,007","354,299","351,385","349,912","347,182","346,567","347,877","350,211","355,074","348,146","348,141","348,906","349,193","353,006","349,099","345,546","346,825","336,722","345,252","351,103"
Non-durable manufacturing industries  [T011] 4,"88,485","88,139","88,247","89,004","88,844","88,229","89,361","89,626","90,105","89,850","91,114","89,907","87,995","89,454","90,372","90,102","89,249","90,020","90,880","90,624","90,478","90,880","89,982","91,447","91,363","91,778","92,737","92,172","93,741","96,416","94,700","94,795","96,522","97,176","98,427","100,168","101,310","101,746","103,399","103,881","104,514","103,866","103,068","103,876","103,060","102,619","103,458","102,192","101,105","102,773","99,974","101,813","102,144","99,298","102,653","103,226","102,850","104,946","105,072","104,499","105,958","106,314","104,743","105,589","104,172","104,484","103,900","104,731","104,792","104,110","103,893","103,424","104,106","101,504","102,960","103,750","104,732","103,504","102,816","102,536","103,808","102,889","102,252","103,865","103,119","102,984","103,580","103,209","102,839","103,532","103,516","103,657","103,269","103,113","102,618","102,118","102,237","102,781","102,784","102,685","102,658","103,231","103,719","102,736","102,274","101,702","100,161","98,977","99,540","100,014","98,988","97,754","97,516","97,678","96,380","96,800","95,372","96,779","96,222","97,812","97,472","97,355","96,111","96,386","96,540","95,938","94,743","94,406","93,020","95,015","94,773","94,610","95,083","92,988","93,407","92,751","91,390","89,311","88,783","87,947","87,031","84,800","85,917","85,277","85,241","84,249","85,575","85,346","86,983","86,409","87,122","88,107","89,369","88,126","88,889","89,118","88,666","87,683","87,902","85,694","86,693","87,394","88,215","87,376","87,459","87,354","85,570","86,632","87,398","87,507","88,334","87,549","88,201","88,900","88,574","86,820","87,549","87,820","87,298","86,458","86,946","87,616","86,412","86,157","86,927","86,554","86,386","86,918","87,074","86,562","86,109","86,759","85,554","85,463","86,582","87,989","88,399","86,353","86,847","87,738","86,733","87,310","88,685","91,209","90,675","89,870","88,963","90,113","89,668","91,811","91,263","91,131","92,021","92,009","91,968","91,475","91,236","93,521","92,498","91,268","91,436","91,558","92,509","91,884","92,586","92,717","91,160","91,850","93,339"
Durable manufacturing industries  [T012] 4,"98,715","98,242","98,463","99,842","99,152","101,358","99,927","102,388","103,325","103,899","101,835","101,579","99,674","102,666","104,825","106,777","107,345","110,017","109,824","110,844","110,602","112,548","112,601","115,089","116,090","118,545","119,367","118,788","121,420","123,693","124,698","123,666","127,191","124,922","127,360","126,948","126,579","128,377","127,126","127,345","126,770","125,605","122,531","120,193","119,174","118,841","119,184","118,896","117,269","115,581","114,548","113,744","114,338","112,293","118,351","120,659","118,775","119,770","121,637","119,874","120,204","120,306","117,406","117,939","117,876","114,384","115,634","114,939","115,385","114,969","115,856","114,471","116,326","114,491","118,802","120,904","120,195","121,403","118,958","119,316","122,475","121,904","120,582","122,799","122,179","122,965","124,810","123,839","124,001","124,382","126,835","125,795","124,654","126,316","127,280","126,844","126,535","127,234","126,462","126,658","127,262","128,503","130,610","129,679","129,387","127,155","125,623","125,958","125,459","124,085","121,588","121,331","121,624","125,077","123,959","124,688","125,817","125,153","123,875","122,979","121,297","120,793","121,382","121,047","120,538","115,608","116,106","117,033","114,853","115,802","117,071","115,974","116,332","114,792","114,235","111,924","109,845","103,219","97,167","96,015","94,215","93,558","90,332","89,406","90,858","92,510","93,314","92,717","93,917","93,635","94,749","96,164","97,784","98,737","98,931","101,123","101,504","102,307","100,847","102,734","100,771","103,062","104,002","103,263","104,533","104,676","105,378","105,024","107,154","106,690","108,118","109,271","109,637","112,328","111,753","109,932","110,145","111,285","111,291","112,217","111,708","109,969","109,035","107,479","108,377","106,501","108,540","108,619","109,344","108,523","109,058","108,248","109,074","110,257","111,667","112,727","111,592","109,326","109,776","111,911","111,388","111,583","113,515","112,707","114,909","113,208","115,489","114,609","113,349","115,153","113,312","111,184","112,300","111,873","111,622","110,035","110,722","112,226","110,782","111,551","111,606","111,941","113,427","111,972","110,185","110,942","109,512","111,228","110,061"
Information and communication technology sector  [T013] 4,..,..,..,..,..,..,..,..,..,..,..,..,..,..,..,..,..,..,..,..,..,..,..,..,..,..,..,..,..,..,..,..,..,..,..,..,..,..,..,..,..,..,..,..,..,..,..,..,..,..,..,..,..,..,..,..,..,..,..,..,..,..,..,..,..,..,..,..,..,..,..,..,..,..,..,..,..,..,..,..,..,..,..,..,..,..,..,..,..,..,..,..,..,..,..,..,..,..,..,..,..,..,..,..,..,..,..,..,..,..,..,..,..,..,"71,053","71,602","70,932","71,440","70,973","71,759","72,454","71,737","71,662","71,705","71,989","71,690","72,757","72,562","72,725","72,709","73,187","73,117","72,748","73,125","73,926","73,045","72,516","72,333","72,260","72,331","71,683","71,208","71,036","70,620","70,811","71,208","70,775","71,675","71,997","72,026","72,587","72,808","73,120","72,980","73,115","73,766","74,675","74,605","74,686","75,362","75,872","76,606","76,413","76,238","76,664","76,512","76,834","77,070","77,769","77,232","76,928","77,437","77,170","77,518","77,042","77,298","77,218","77,647","77,585","77,464","77,625","77,366","77,058","76,588","77,081","76,127","76,853","76,300","75,796","75,753","75,649","75,337","75,695","76,365","76,889","77,606","78,297","78,010","78,345","78,375","78,652","78,883","78,737","79,759","80,654","81,462","81,587","81,565","81,673","82,025","81,296","81,848","82,215","82,318","82,472","83,023","83,100","82,550","82,967","83,057","83,142","83,395","83,559","84,191","84,420","84,042","85,287","85,228","85,972"
Energy sector  [T016] 4,"105,301","105,272","104,182","104,996","107,097","105,123","104,008","104,486","105,774","103,737","102,088","103,917","102,580","105,490","102,735","101,265","102,746","103,833","104,935","104,026","103,536","103,863","104,350","105,441","107,899","107,036","109,095","108,708","107,054","107,124","108,094","107,665","105,349","107,037","108,112","107,679","106,239","106,363","107,172","106,580","107,691","109,632","105,910","108,334","108,303","109,643","109,378","107,550","106,978","108,194","106,409","106,895","107,236","105,807","107,299","108,510","110,298","111,614","108,922","108,842","111,321","109,920","111,883","112,965","111,885","111,714","114,094","114,581","113,374","113,005","112,149","113,835","114,500","114,177","113,533","111,940","112,609","113,856","117,016","115,416","113,149","115,659","115,902","115,956","115,507","115,053","114,940","116,408","116,857","116,526","117,677","115,633","114,179","117,035","119,063","118,286","118,526","119,532","120,926","121,193","123,103","124,650","120,929","121,754","122,198","121,419","123,249","122,067","122,673","122,525","121,575","121,967","120,258","119,428","120,240","122,104","121,911","120,990","121,554","122,065","120,680","122,276","121,170","119,711","119,068","117,340","118,724","117,495","119,074","118,743","116,469","117,910","121,082","120,360","119,270","120,677","119,428","116,272","117,373","116,785","111,964","110,045","110,821","112,601","111,668","109,040","111,440","111,993","113,680","113,259","112,766","114,737","114,993","114,408","118,730","118,880","118,440","117,462","115,087","116,266","118,733","121,999","120,033","119,579","121,921","122,654","118,260","119,140","120,883","125,077","126,070","124,714","123,331","123,360","123,709","121,881","120,048","121,705","122,094","120,421","120,347","118,681","118,932","120,473","121,264","121,832","122,337","123,833","124,321","123,797","121,712","122,694","123,713","126,129","127,052","127,509","128,186","128,229","129,530","131,718","133,391","134,678","135,985","137,526","135,563","132,457","134,333","135,821","137,108","135,783","135,560","135,283","132,147","130,607","130,271","131,979","133,387","135,735","130,061","129,786","129,988","130,264","132,422","130,342","128,513","128,007","119,190","126,677","132,880"
Industrial production (1950 definition)  [T017] 4,..,..,..,..,..,..,..,..,..,..,..,..,..,..,..,..,..,..,..,..,..,..,..,..,..,..,..,..,..,..,..,..,..,..,..,..,..,..,..,..,..,..,..,..,..,..,..,..,..,..,..,..,..,..,..,..,..,..,..,..,..,..,..,..,..,..,..,..,..,..,..,..,..,..,..,..,..,..,..,..,..,..,..,..,..,..,..,..,..,..,..,..,..,..,..,..,..,..,..,..,..,..,..,..,..,..,..,..,..,..,..,..,..,..,"338,890","342,381","342,887","341,246","341,954","342,898","339,276","341,492","339,773","337,505","336,536","330,610","331,616","330,901","330,615","332,454","330,373","331,668","336,067","332,378","329,443","328,127","322,603","311,188","308,269","301,835","293,653","287,547","285,626","284,925","284,587","283,862","289,567","289,474","293,018","291,765","296,071","301,334","304,791","303,470","310,109","311,989","311,792","311,291","308,825","312,501","313,617","319,321","318,162","316,231","320,268","321,479","315,771","318,213","324,498","328,730","330,952","328,441","327,730","331,125","330,306","323,066","323,643","326,588","326,400","324,495","323,224","319,917","318,834","318,754","322,056","320,618","323,345","326,518","327,805","326,082","325,227","324,175","325,961","328,854","332,143","336,361","336,054","332,704","333,355","338,760","340,571","344,062","347,014","350,337","348,053","342,690","348,101","349,884","349,544","350,664","348,107","345,259","343,784","341,034","340,416","341,694","343,978","348,809","341,821","341,704","342,446","342,652","346,464","342,550","339,003","340,278","330,124","338,592","344,378"
Public Sector  [T018] 4,..,..,..,..,..,..,..,..,..,..,..,..,..,..,..,..,..,..,..,..,..,..,..,..,..,..,..,..,..,..,..,..,..,..,..,..,..,..,..,..,..,..,..,..,..,..,..,..,..,..,..,..,..,..,..,..,..,..,..,..,..,..,..,..,..,..,..,..,..,..,..,..,..,..,..,..,..,..,..,..,..,..,..,..,..,..,..,..,..,..,..,..,..,..,..,..,..,..,..,..,..,..,..,..,..,..,..,..,..,..,..,..,..,..,"336,418","336,785","337,629","338,828","339,960","340,533","341,417","341,998","342,701","343,573","344,211","344,982","346,392","347,321","348,110","349,467","350,550","351,482","352,730","354,179","355,291","356,325","356,878","357,977","359,181","360,391","360,929","361,665","362,422","363,062","363,257","364,729","365,611","366,046","366,675","367,322","368,072","368,249","368,544","369,052","369,721","370,378","371,322","371,764","372,631","373,463","373,934","374,909","375,353","374,900","374,943","375,187","376,340","376,994","377,583","377,789","377,622","377,310","377,690","377,677","377,552","378,128","377,272","378,309","379,467","380,025","380,582","380,956","380,717","380,601","381,234","380,639","380,851","380,650","380,397","379,505","379,753","379,730","380,090","380,790","381,135","381,984","382,555","382,517","382,936","383,237","383,545","383,548","383,575","381,970","383,870","384,188","382,757","384,691","385,182","384,926","386,070","387,009","387,333","388,198","387,388","388,124","388,397","387,207","388,149","388,630","388,734","389,601","390,737","391,774","392,674","393,135","394,486","394,918","394,766"
Content and media sector  [T019] 4,..,..,..,..,..,..,..,..,..,..,..,..,..,..,..,..,..,..,..,..,..,..,..,..,..,..,..,..,..,..,..,..,..,..,..,..,..,..,..,..,..,..,..,..,..,..,..,..,..,..,..,..,..,..,..,..,..,..,..,..,..,..,..,..,..,..,..,..,..,..,..,..,..,..,..,..,..,..,..,..,..,..,..,..,..,..,..,..,..,..,..,..,..,..,..,..,..,..,..,..,..,..,..,..,..,..,..,..,..,..,..,..,..,..,"14,648","14,799","14,788","14,850","14,788","14,893","14,961","14,916","14,773","14,890","14,829","14,755","14,673","14,758","14,708","14,739","14,777","14,854","14,863","15,225","15,146","15,046","14,977","14,904","15,147","15,028","15,069","14,942","14,859","14,782","14,726","14,569","14,631","14,618","14,632","14,575","14,527","14,635","14,368","14,179","14,151","14,122","14,086","13,987","14,087","14,124","14,203","14,194","14,043","14,082","14,088","14,149","14,061","13,970","13,904","13,888","13,832","13,878","13,831","13,808","13,788","13,915","13,772","13,692","13,692","13,742","13,822","14,022","13,870","13,751","13,747","13,945","13,877","13,815","13,891","14,005","14,071","14,085","14,174","14,310","14,314","14,341","14,392","14,586","14,682","14,804","14,800","14,694","14,871","14,969","14,856","14,857","14,697","14,667","14,670","14,504","14,260","14,130","13,961","13,899","13,733","13,743","13,857","13,866","13,785","13,914","13,871","13,852","13,997","14,056","14,082","14,040","14,057","14,103","14,082"
All industries (except cannabis sector)  [T020] 4,"1,238,785","1,240,307","1,242,401","1,247,211","1,248,142","1,259,449","1,254,053","1,266,053","1,270,560","1,271,232","1,268,919","1,268,575","1,268,140","1,280,331","1,284,427","1,290,247","1,293,610","1,305,571","1,309,947","1,316,270","1,316,634","1,325,614","1,327,869","1,337,047","1,344,519","1,351,430","1,360,488","1,364,467","1,375,804","1,384,910","1,391,986","1,392,130","1,403,654","1,402,101","1,409,938","1,415,117","1,418,190","1,423,340","1,425,815","1,428,408","1,429,314","1,432,798","1,432,772","1,432,275","1,433,118","1,431,830","1,437,875","1,436,664","1,434,529","1,439,282","1,431,521","1,438,046","1,447,261","1,445,679","1,461,280","1,469,237","1,467,758","1,478,197","1,480,415","1,482,121","1,487,932","1,493,533","1,490,140","1,499,104","1,498,398","1,493,864","1,501,554","1,505,436","1,503,837","1,498,797","1,503,080","1,507,375","1,515,021","1,500,316","1,518,582","1,525,076","1,526,676","1,533,222","1,536,139","1,535,263","1,549,052","1,553,095","1,554,675","1,562,345","1,563,848","1,570,495","1,574,929","1,575,429","1,581,327","1,581,647","1,589,283","1,590,353","1,584,999","1,596,783","1,603,660","1,608,545","1,612,732","1,618,891","1,620,288","1,625,783","1,634,756","1,643,462","1,647,538","1,651,195","1,654,892","1,655,063","1,655,545","1,652,622","1,655,504","1,656,596","1,654,130","1,656,745","1,660,375","1,670,882","1,667,384","1,675,695","1,679,371","1,681,652","1,689,119","1,693,993","1,693,762","1,698,822","1,696,033","1,697,591","1,699,035","1,692,399","1,699,259","1,696,091","1,699,093","1,702,604","1,702,489","1,705,801","1,713,174","1,711,748","1,712,060","1,710,120","1,692,826","1,669,491","1,661,374","1,652,767","1,639,419","1,634,174","1,632,524","1,634,489","1,637,165","1,636,496","1,648,815","1,650,552","1,660,189","1,664,984","1,675,241","1,684,012","1,692,153","1,690,129","1,697,592","1,702,027","1,704,363","1,709,455","1,709,241","1,718,023","1,726,084","1,738,063","1,743,700","1,740,578","1,745,977","1,746,252","1,742,471","1,750,218","1,762,311","1,771,310","1,776,361","1,776,307","1,778,319","1,786,793","1,785,069","1,780,492","1,785,000","1,791,170","1,794,052","1,794,952","1,798,488","1,796,125","1,795,890","1,795,082","1,803,620","1,803,425","1,813,725","1,819,087","1,825,359","1,828,552","1,833,516","1,826,843","1,837,326","1,845,343","1,851,580","1,861,529","1,866,068","1,858,297","1,859,020","1,868,432","1,873,482","1,877,337","1,889,236","1,897,923","1,900,643","1,896,662","1,904,257","1,909,710","1,910,926","1,913,807","1,906,024","1,903,355","1,902,151","1,901,508","1,900,361","1,905,503","1,910,261","1,914,244","1,906,310","1,908,087","1,912,552","1,914,674","1,926,367","1,920,762","1,913,682","1,918,032","1,907,192","1,916,406","1,927,788"
Cannabis sector  [T021] 4,"1,610","1,621","1,632","1,642","1,654","1,674","1,686","1,704","1,715","1,726","1,738","1,749","1,759","1,770","1,780","1,790","1,792","1,803","1,803","1,813","1,813","1,822","1,820","1,820","1,826","1,823","1,828","1,825","1,820","1,823","1,817","1,822","1,821","1,830","1,839","1,844","1,858","1,876","1,904","1,924","1,948","1,983","2,021","2,049","2,083","2,108","2,131","2,152","2,171","2,189","2,196","2,209","2,213","2,214","2,224","2,224","2,225","2,226","2,237","2,239","2,242","2,254","2,259","2,263","2,278","2,284","2,300","2,305","2,310","2,324","2,327","2,339","2,339","2,341","2,350","2,348","2,348","2,354","2,350","2,347","2,354","2,353","2,352","2,360","2,360","2,360","2,362","2,372","2,375","2,377","2,391","2,394","2,401","2,416","2,424","2,432","2,443","2,462","2,474","2,486","2,509","2,524","2,540","2,553","2,578","2,590","2,602","2,623","2,633","2,644","2,661","2,670","2,675","2,691","2,695","2,699","2,712","2,714","2,715","2,727","2,728","2,727","2,736","2,736","2,733","2,730","2,736","2,734","2,743","2,743","2,745","2,757","2,762","2,777","2,784","2,802","2,811","2,832","2,853","2,865","2,875","2,895","2,904","2,921","2,929","2,937","2,952","2,958","2,962","2,967","2,970","2,983","2,986","2,988","3,001","3,001","3,014","3,026","3,036","3,037","3,047","3,067","3,076","3,086","3,095","3,105","3,116","3,127","3,127","3,138","3,150","3,163","3,164","3,164","3,164","3,165","3,169","3,196","3,214","3,232","3,262","3,283","3,315","3,350","3,374","3,395","3,416","3,437","3,460","3,485","3,519","3,542","3,566","3,588","3,600","3,624","3,646","3,657","3,669","3,689","3,701","3,726","3,747","3,761","3,786","3,810","3,833","3,861","3,888","3,915","3,918","3,958","3,997","4,013","4,031","4,052","4,067","4,078","4,083","4,080","4,082","4,097","4,084","4,086","4,082","4,088","4,085","4,094","4,101"
All industries (except unlicensed cannabis sector)  [T024] 4,"1,238,810","1,240,318","1,242,413","1,247,212","1,248,119","1,259,412","1,254,003","1,266,002","1,270,498","1,271,156","1,268,855","1,268,536","1,268,129","1,280,343","1,284,479","1,290,326","1,293,739","1,305,728","1,310,131","1,316,508","1,316,860","1,325,842","1,328,057","1,337,169","1,344,548","1,351,365","1,360,271","1,364,195","1,375,516","1,384,635","1,391,778","1,392,006","1,403,585","1,402,060","1,409,939","1,415,148","1,418,250","1,423,400","1,425,902","1,428,495","1,429,386","1,432,886","1,432,845","1,432,320","1,433,119","1,431,789","1,437,834","1,436,609","1,434,458","1,439,255","1,431,507","1,438,061","1,447,320","1,445,808","1,461,486","1,469,443","1,467,919","1,478,286","1,480,444","1,482,135","1,487,916","1,493,489","1,490,049","1,498,982","1,498,233","1,493,655","1,501,283","1,505,242","1,503,672","1,498,662","1,502,989","1,507,359","1,515,051","1,500,437","1,518,781","1,525,305","1,526,891","1,533,360","1,536,168","1,535,249","1,549,020","1,553,064","1,554,645","1,562,312","1,563,816","1,570,494","1,574,944","1,575,460","1,581,405","1,581,757","1,589,427","1,590,573","1,585,252","1,597,037","1,603,899","1,608,721","1,612,843","1,618,905","1,620,206","1,625,553","1,634,346","1,642,868","1,646,730","1,650,319","1,654,062","1,654,432","1,655,230","1,652,605","1,655,701","1,656,993","1,654,709","1,657,440","1,661,205","1,671,767","1,668,317","1,676,600","1,680,112","1,682,240","1,689,507","1,694,145","1,693,662","1,698,414","1,695,304","1,696,741","1,698,219","1,691,688","1,698,681","1,695,699","1,698,855","1,702,483","1,702,471","1,705,870","1,713,311","1,711,970","1,712,300","1,710,393","1,693,079","1,669,757","1,661,623","1,652,981","1,639,582","1,634,257","1,632,556","1,634,457","1,637,114","1,636,415","1,648,717","1,650,436","1,660,073","1,664,868","1,675,108","1,683,859","1,692,051","1,690,044","1,697,540","1,701,992","1,704,414","1,709,557","1,709,377","1,718,176","1,726,221","1,738,167","1,743,752","1,740,593","1,745,995","1,746,286","1,742,540","1,750,269","1,762,381","1,771,364","1,776,415","1,776,271","1,778,194","1,786,686","1,784,835","1,778,830","1,784,793","1,790,688","1,793,197","1,795,221","1,799,621","1,797,670","1,797,051","1,795,742","1,803,101","1,802,764","1,813,482","1,821,618","1,827,854","1,829,295","1,834,008","1,826,069","1,835,579","1,844,467","1,851,909","1,862,327","1,865,186","1,855,602","1,862,625","1,874,284","1,875,495","1,879,837","1,888,667","1,892,691","1,894,854","1,893,867","1,903,580","1,910,373","1,910,790","1,914,699","1,905,791","1,903,178","1,902,035","1,901,431","1,900,342","1,905,506","1,910,325","1,914,351","1,906,456","1,908,284","1,912,810","1,914,988","1,926,720","1,921,142","1,914,026","1,918,323","1,907,428","1,916,605","1,927,913"
"Agriculture, forestry, fishing and hunting  [11]","24,295","24,313","24,346","24,547","24,746","24,812","25,630","25,836","25,517","25,778","25,079","23,820","24,450","25,375","25,503","26,288","26,698","27,214","27,494","27,267","27,226","26,975","27,414","27,370","27,996","28,366","28,350","28,351","28,309","27,896","28,275","27,814","28,643","28,396","28,579","29,033","28,978","28,233","27,826","27,677","27,810","28,323","28,708","28,778","28,644","28,715","28,591","28,324","28,091","28,298","28,509","28,601","27,707","27,139","26,117","26,424","26,357","27,017","26,903","27,228","26,812","27,691","27,932","28,295","28,778","29,211","29,670","29,917","30,114","30,149","30,047","29,222","29,661","29,534","29,516","30,138","30,388","31,475","31,371","31,332","31,817","32,108","32,409","33,049","33,467","33,423","33,377","33,382","33,255","33,026","32,416","31,996","32,203","32,170","33,000","33,293","33,639","33,761","33,782","33,319","32,737","32,725","33,066","33,444","33,243","33,161","33,124","33,189","32,646","32,077","32,138","31,516","31,571","31,592","31,437","31,237","30,636","30,034","29,836","29,665","30,150","30,933","30,570","30,788","31,243","31,197","31,041","31,702","32,285","32,780","32,520","32,727","33,327","33,569","33,676","34,002","33,609","32,985","33,065","32,810","32,079","31,506","30,353","30,322","30,524","30,193","30,612","30,726","31,084","30,921","31,115","31,387","31,342","31,477","31,457","31,479","31,754","31,663","31,778","31,700","31,761","32,155","32,517","32,609","33,046","33,103","32,977","32,695","32,598","33,027","32,986","32,966","33,066","32,982","32,391","32,331","32,073","32,379","32,422","32,738","33,183","33,531","33,732","34,246","34,903","35,780","36,646","37,393","38,046","38,523","39,058","39,325","39,910","40,289","40,284","39,981","39,518","39,028","37,578","37,011","36,856","36,704","36,409","36,242","36,135","35,743","35,632","35,957","36,093","36,450","36,692","37,148","37,235","37,634","37,815","37,816","38,048","38,208","38,491","38,766","38,784","39,196","39,157","39,033","39,034","39,004","39,118","39,266","39,601"
"Mining, quarrying, and oil and gas extraction  [21]","74,145","74,837","73,691","74,920","75,061","74,874","74,147","74,110","74,512","73,349","72,140","72,818","71,852","72,211","71,451","70,310","70,466","72,210","73,432","73,398","72,789","72,001","73,519","74,208","74,906","75,488","76,545","76,888","77,458","76,919","77,351","76,691","76,187","76,876","76,965","77,214","75,732","75,233","75,626","75,524","76,068","76,612","75,364","76,529","76,578","78,029","77,735","75,470","75,652","76,850","76,009","75,558","75,598","74,561","75,587","76,649","77,046","78,714","75,903","75,799","77,065","76,258","77,339","77,440","77,548","77,643","79,920","79,638","79,374","79,142","78,827","80,247","81,006","81,032","81,808","81,332","80,573","82,081","83,807","82,871","82,187","83,695","84,294","83,921","83,026","83,154","82,195","83,075","83,714","82,043","83,732","82,665","80,766","83,435","84,825","83,866","84,860","84,911","86,203","86,318","88,057","89,548","87,638","87,211","87,587","87,675","88,711","87,443","87,179","87,660","86,902","88,000","87,933","86,600","87,262","88,133","88,465","86,235","87,670","87,987","86,606","88,391","87,588","85,721","84,936","84,155","85,340","84,224","85,635","85,371","83,703","85,158","87,522","86,852","85,244","86,018","84,499","81,659","84,065","81,037","76,426","73,979","74,341","74,974","74,060","72,600","75,323","75,313","76,347","75,469","77,895","80,310","81,375","80,988","85,073","84,544","84,380","84,075","82,741","85,675","86,789","88,823","86,760","86,361","88,301","88,981","85,677","87,126","89,779","92,951","93,056","91,546","90,814","91,049","90,903","88,522","88,356","89,256","89,176","87,580","86,054","84,464","85,376","86,041","87,552","88,603","89,418","91,665","92,109","91,520","90,675","89,817","91,353","92,926","93,632","94,738","94,792","94,250","94,920","96,914","98,960","101,177","101,319","102,546","100,112","97,646","100,418","101,321","101,431","100,199","100,100","98,131","94,439","92,903","93,219","96,823","99,374","100,479","96,207","97,259","97,305","97,631","97,673","95,434","92,371","91,810","84,401","89,483","96,490"
Utilities  [22],"34,105","33,923","33,848","34,021","35,145","34,291","33,723","33,763","34,444","33,933","33,631","34,502","34,222","36,098","34,216","33,819","34,439","34,426","34,528","34,176","34,263","34,613","34,209","34,195","35,192","34,439","35,382","35,038","33,629","34,096","34,959","35,136","33,222","34,030","34,868","34,463","34,203","34,776","34,731","34,288","34,513","35,805","33,185","34,335","33,841","33,951","34,039","34,166","33,154","33,662","33,129","33,560","33,861","33,781","33,722","34,008","35,471","35,604","35,585","35,722","36,295","35,833","36,494","37,258","36,449","36,306","36,820","37,719","36,613","36,612","36,178","36,021","36,014","36,067","35,581","34,666","35,622","35,299","36,869","35,603","34,972","35,497","35,591","35,864","35,831","36,438","36,534","37,197","37,245","37,826","37,962","37,063","37,756","37,576","37,760","38,499","38,375","38,407","38,391","37,877","38,140","38,063","36,632","37,612","37,471","37,230","37,901","37,671","38,669","37,879","37,607","38,174","36,990","37,736","37,968","39,190","39,122","39,976","40,117","40,008","39,935","40,133","39,881","40,291","40,783","40,794","40,925","41,738","41,931","42,109","41,908","41,820","41,757","41,902","41,725","41,362","40,825","40,741","40,861","39,905","39,861","39,312","39,005","38,980","38,414","38,850","39,357","40,086","39,780","40,381","40,383","40,294","39,736","39,015","39,380","39,881","39,935","39,947","40,414","40,331","40,913","41,343","41,597","41,537","41,723","41,971","41,838","41,591","41,698","41,683","41,905","41,090","40,455","40,709","41,161","40,031","39,994","40,597","41,003","41,171","42,014","41,658","41,161","41,819","41,645","40,620","40,720","40,297","40,234","40,461","40,707","40,957","41,025","40,878","41,086","41,791","42,046","43,225","42,224","42,357","42,611","42,318","42,292","42,433","42,064","42,170","42,536","42,754","43,667","43,030","43,227","44,441","44,428","43,617","43,029","42,990","42,447","42,372","41,952","41,363","41,798","41,264","42,576","42,767","42,953","43,712","43,048","44,532","44,049"
Construction  [23],"81,650","82,145","82,588","82,510","82,589","81,598","82,546","82,414","81,651","81,882","81,610","81,388","81,246","80,950","80,458","80,106","80,882","81,164","82,692","82,885","81,824","83,338","84,105","84,305","85,241","85,026","85,704","86,624","88,259","89,519","89,330","89,195","88,745","88,815","88,102","87,689","88,238","88,454","88,959","89,465","89,421","89,668","91,406","92,131","93,803","93,263","93,490","94,063","94,803","95,707","96,093","96,713","97,366","97,960","97,983","97,982","98,069","99,238","99,118","100,918","100,386","100,426","100,529","101,935","101,375","100,694","100,865","101,588","101,670","101,737","101,735","102,192","102,385","103,746","103,708","104,360","104,882","104,971","106,086","106,189","106,987","107,214","108,124","107,929","108,965","109,229","110,025","110,240","110,497","111,607","111,833","112,255","112,633","113,543","114,180","113,754","114,622","114,354","114,007","114,591","115,249","116,005","116,013","117,474","117,979","118,183","117,883","117,585","118,074","118,740","119,291","119,526","120,440","121,410","122,218","122,733","123,527","124,117","125,518","125,874","126,147","126,664","126,727","125,784","125,931","127,436","129,094","129,332","128,939","127,587","129,267","128,672","128,634","128,469","129,126","129,958","128,212","125,483","121,388","119,843","118,362","117,645","118,501","118,672","118,998","119,971","121,316","122,458","124,834","126,021","128,218","128,842","129,352","129,878","129,576","130,256","130,490","131,343","131,662","132,143","132,543","132,816","134,153","134,592","133,909","133,577","133,332","134,734","135,672","136,560","137,187","137,353","137,996","139,324","140,537","142,076","143,739","145,978","146,028","146,307","146,790","147,435","148,183","149,595","150,090","150,680","150,691","151,433","152,359","153,401","154,015","150,288","153,466","153,941","153,506","153,981","154,183","152,622","153,924","154,819","154,295","153,792","155,907","156,736","157,972","157,442","158,023","159,952","160,105","159,415","157,615","155,844","153,938","153,395","154,273","153,358","152,972","153,116","151,634","151,165","151,004","150,073","149,833","148,473","146,601","147,374","144,806","143,574","144,238"
Manufacturing  [31-33],"186,251","185,429","185,761","187,932","187,049","188,874","188,368","191,258","192,708","193,116","192,075","190,729","186,987","191,561","194,764","196,662","196,552","200,179","200,680","201,633","201,290","203,824","203,134","207,190","208,241","211,334","213,099","211,966","216,266","221,117","220,648","219,611","224,972","223,088","226,847","227,941","228,547","230,868","230,966","231,614","231,529","229,660","225,500","223,726","221,882","221,114","222,246","220,764","218,026","217,752","214,080","214,910","215,847","211,050","220,595","223,623","221,244","224,206","226,354","223,917","225,585","226,016","221,442","222,781","221,442","217,903","218,752","218,743","219,273","218,206","218,965","217,049","219,678","215,348","221,332","224,326","224,459","224,668","221,430","221,577","226,139","224,699","222,715","226,577","225,247","225,972","228,494","227,129","226,970","228,021","230,643","229,696","228,145","229,741","230,291","229,363","229,157","230,411","229,602","229,724","230,327","232,178","234,844","232,939","232,198","229,334","226,276","225,499","225,525","224,558","220,995","219,554","219,643","223,390","220,988","222,154","222,027","222,642","220,769","221,312","219,214","218,577","218,035","217,936","217,538","211,760","211,161","211,816","208,218","211,094","212,205","210,897","211,728","208,149","207,974","204,937","201,488","192,582","185,704","183,731","181,008","178,190","175,952","174,393","175,857","176,609","178,718","177,885","180,697","179,849","181,713","184,112","186,990","186,754","187,685","190,148","190,088","189,949","188,664","188,435","187,395","190,408","192,225","190,644","191,991","192,026","190,951","191,645","194,543","194,185","196,436","196,805","197,820","201,216","200,312","196,727","197,672","199,070","198,543","198,598","198,589","197,556","195,411","193,616","195,289","193,059","194,900","195,516","196,393","195,062","195,133","194,985","194,587","195,665","198,198","200,668","199,960","195,648","196,586","199,607","198,079","198,849","202,151","203,888","205,548","203,041","204,405","204,684","202,985","206,938","204,549","202,312","204,317","203,882","203,590","201,524","201,957","205,761","203,295","202,810","203,034","203,484","205,931","203,853","202,774","203,660","200,673","203,078","203,400"
Wholesale trade  [41],"56,034","56,140","56,549","57,636","57,376","58,088","57,034","58,504","58,980","59,527","59,462","58,818","58,843","58,782","59,590","59,838","59,353","60,470","61,071","61,774","61,383","61,629","61,457","61,880","62,099","62,742","63,224","63,458","65,556","64,912","64,828","65,413","66,105","65,760","66,260","67,188","67,370","67,595","67,685","67,939","67,805","68,023","68,205","67,552","67,552","67,264","67,543","68,947","69,499","69,774","68,516","67,814","67,795","68,084","69,527","69,690","68,896","69,954","70,905","70,496","71,611","72,288","71,557","71,577","71,563","71,511","73,137","73,588","73,569","72,907","74,025","74,524","74,980","69,945","74,802","75,763","74,640","75,770","74,957","74,140","76,043","75,454","75,684","76,260","76,255","76,828","77,633","77,294","79,174","79,381","79,623","80,156","79,513","80,838","80,304","81,748","80,122","81,605","82,576","84,178","83,655","83,766","84,615","84,910","85,658","85,840","86,360","85,414","85,191","86,182","84,846","84,548","84,905","87,749","86,350","89,705","89,881","89,887","90,483","90,647","89,854","89,220","89,281","89,971","89,231","88,280","89,361","88,214","89,137","88,831","89,322","89,957","90,318","89,865","89,667","88,624","86,272","83,618","82,081","81,676","81,010","80,951","81,408","81,600","82,468","82,728","82,764","83,147","84,671","86,264","87,354","86,799","87,493","87,441","87,489","88,255","87,302","89,015","89,379","90,086","91,474","93,189","94,653","93,252","94,263","93,217","94,290","93,914","96,565","95,798","96,144","97,373","97,449","98,196","96,354","97,527","98,664","99,106","98,612","98,847","99,228","99,206","99,090","98,440","100,470","99,589","100,766","101,541","101,481","101,925","102,792","100,933","103,810","103,651","104,371","104,971","105,279","103,665","103,068","104,531","104,770","104,449","106,142","106,784","106,256","107,035","108,413","105,557","104,734","105,041","103,308","102,834","102,448","103,424","102,335","102,788","101,742","100,635","100,460","100,733","101,884","102,827","105,172","101,496","100,239","101,504","101,030","101,206","101,882"
Retail trade  [44-45],"53,703","53,266","53,918","54,521","54,861","57,151","54,897","56,333","56,359","57,638","57,609","57,264","57,557","57,060","57,732","57,321","57,755","57,665","58,514","59,170","59,224","58,710","58,442","58,861","59,121","59,435","59,443","59,800","60,108","60,966","61,721","61,459","62,365","62,277","62,452","62,746","63,858","64,205","64,710","64,354","64,133","64,396","65,179","64,664","65,110","65,637","65,889","66,347","65,776","66,339","65,317","66,734","68,749","70,004","70,534","69,768","69,835","70,047","69,322","70,932","70,191","70,625","70,213","71,537","71,282","71,583","71,489","71,948","71,501","71,783","72,208","73,258","73,093","74,016","73,503","73,581","73,321","73,131","73,193","74,516","75,489","74,798","74,688","74,661","75,028","75,602","75,970","76,415","76,683","75,259","76,468","77,896","77,195","76,802","77,174","78,257","78,453","78,059","76,565","77,987","78,939","79,986","80,313","81,512","81,934","82,395","82,230","82,616","83,312","82,798","83,227","82,887","82,724","84,378","83,662","83,682","83,930","85,201","85,731","85,477","85,603","86,693","85,850","86,240","87,422","88,838","89,308","88,545","88,691","88,996","88,937","89,273","88,889","89,016","89,720","88,831","86,933","84,691","86,206","86,051","85,813","85,795","86,193","86,363","86,494","86,536","87,047","86,945","85,535","86,959","88,267","88,299","90,134","88,080","87,751","88,362","88,599","89,007","89,008","88,643","90,104","89,659","89,452","89,468","88,222","89,195","89,204","90,347","89,516","89,372","89,550","90,081","90,001","91,357","90,041","89,436","90,010","89,120","89,749","89,978","90,392","89,847","89,809","90,102","91,369","91,154","93,222","92,838","93,198","94,096","95,707","94,622","95,424","96,477","96,039","96,376","96,807","96,455","96,560","96,695","96,567","95,625","95,455","96,133","96,596","96,147","95,949","95,627","96,062","96,073","94,042","94,911","95,740","95,125","94,968","95,792","96,253","96,414","97,162","96,333","98,021","97,239","99,070","99,972","98,543","99,736","98,898","98,493","99,363"
Transportation and warehousing  [48-49],"57,704","58,303","57,500","57,550","55,847","57,890","57,846","57,876","58,013","58,033","57,404","56,907","56,482","57,601","56,767","58,948","58,997","60,010","59,241","59,178","58,788","60,022","60,044","60,684","60,787","60,682","61,549","62,080","62,436","61,841","62,047","62,299","63,666","62,796","63,356","63,545","63,745","64,430","64,342","64,784","64,966","64,870","66,129","65,553","65,504","65,024","65,628","65,096","65,459","65,046","63,837","63,638","64,302","63,427","64,133","64,436","64,260","65,075","65,189","65,059","64,974","65,215","65,209","65,343","65,007","64,600","65,135","65,569","65,234","64,417","64,404","64,634","64,947","64,182","65,031","65,205","65,606","66,343","65,729","65,641","66,241","66,588","66,844","67,463","67,265","67,348","67,501","68,004","68,260","67,991","69,274","69,494","69,478","69,847","70,448","70,509","71,306","71,657","71,910","72,216","72,149","72,597","72,467","72,489","72,975","72,926","72,678","72,531","72,505","72,335","72,532","72,052","72,668","73,380","72,847","72,494","72,967","73,315","73,797","73,570","74,019","74,167","73,923","73,992","73,734","73,068","72,915","72,909","72,906","73,038","73,260","73,484","73,709","73,364","73,436","73,436","73,064","71,715","70,773","70,583","69,697","70,149","69,353","70,003","70,547","69,773","70,748","70,965","71,137","71,611","71,833","72,458","73,084","72,663","72,881","73,197","73,714","73,714","73,018","73,440","73,284","74,396","76,158","75,524","76,048","75,275","75,325","74,031","76,307","76,472","76,510","76,519","76,598","76,851","77,073","76,563","76,728","77,031","76,912","77,431","77,039","77,450","77,388","76,473","76,947","76,773","76,811","77,126","78,004","78,675","78,051","77,326","76,616","77,588","78,902","80,272","80,974","79,999","80,489","81,359","82,099","81,792","83,725","84,210","83,856","83,431","83,833","83,740","83,423","84,704","84,134","83,617","84,313","84,350","84,477","85,054","85,747","86,205","85,880","85,840","86,736","86,624","86,625","87,117","86,157","85,863","86,027","86,329","86,767"
Information and cultural industries  [51],"31,311","31,210","31,123","31,250","31,319","31,470","31,652","31,475","32,472","31,886","32,030","32,439","32,744","33,188","33,816","34,178","34,465","34,563","35,021","35,657","35,610","35,820","36,226","35,993","36,405","36,791","36,582","36,795","37,028","37,397","37,939","37,871","38,755","39,113","39,073","39,249","39,653","39,893","39,896","40,124","40,436","40,533","40,710","40,898","41,062","41,423","41,573","41,882","42,038","42,434","43,021","43,329","43,753","44,240","44,316","44,883","44,818","45,039","45,265","45,374","45,689","46,103","46,305","46,746","46,958","46,738","46,595","46,548","46,420","46,210","46,176","46,174","46,292","46,381","46,546","46,643","46,870","46,994","47,606","48,001","48,560","48,895","49,135","49,527","49,673","49,937","50,161","50,176","50,315","50,476","50,410","50,379","50,490","50,652","50,906","50,925","51,204","51,543","51,554","51,690","51,956","52,091","52,698","52,747","52,800","52,908","53,034","53,256","53,465","53,674","53,375","53,434","53,371","53,058","52,954","52,906","52,685","52,838","52,814","53,058","53,095","53,013","52,809","53,103","53,267","53,280","53,292","53,428","53,337","53,309","53,335","53,364","53,340","53,794","53,792","53,531","53,186","52,920","53,515","53,208","52,992","52,750","52,564","52,528","52,400","52,147","52,351","52,512","52,671","52,856","53,034","53,357","53,383","53,372","53,373","53,587","53,908","53,882","54,168","54,378","54,700","54,772","54,602","54,503","54,614","54,606","54,587","54,536","54,443","54,549","54,576","54,595","54,602","54,603","54,782","55,006","54,919","54,955","55,038","55,106","55,368","55,552","55,286","54,921","54,698","54,730","54,647","54,338","54,320","54,438","54,493","54,522","54,610","54,750","54,831","55,005","55,213","55,584","55,612","55,697","55,859","55,767","56,142","56,546","56,744","56,953","56,855","57,041","57,339","57,350","56,969","57,032","57,097","57,274","57,200","57,489","57,762","57,874","57,882","58,281","58,436","58,613","58,757","58,977","59,173","59,085","59,421","59,689","59,924"
Finance and insurance  [52],"69,120","69,208","70,140","70,130","70,515","70,652","70,319","70,356","70,182","70,102","70,052","70,657","70,686","71,149","71,777","71,944","71,847","72,772","71,820","72,265","73,246","73,851","74,331","74,674","74,807","75,203","75,455","75,721","76,515","76,542","77,814","78,309","78,795","77,986","77,689","77,812","77,610","78,276","78,061","78,074","77,075","78,647","81,320","80,597","81,066","80,983","81,134","81,010","81,041","81,203","81,606","82,651","83,689","83,332","83,020","82,979","82,957","82,598","82,372","82,546","83,741","84,188","83,471","84,231","84,421","83,545","83,140","82,630","82,473","82,983","83,871","85,168","85,413","84,961","85,501","85,910","86,215","86,764","87,528","87,521","88,547","89,706","88,815","88,383","88,238","89,260","89,488","89,845","90,213","90,731","90,154","90,738","90,533","90,932","91,530","92,302","92,191","92,906","92,898","93,592","94,497","95,277","96,537","97,281","97,709","98,750","98,930","99,167","100,114","100,490","101,437","101,971","102,702","102,076","102,234","102,618","102,359","102,632","103,361","103,976","104,996","105,187","104,468","104,994","104,667","103,748","103,940","102,629","103,443","103,437","102,120","101,756","101,693","101,179","101,828","103,246","100,859","100,944","100,784","100,728","101,148","101,471","101,060","101,129","101,242","100,525","101,697","101,292","102,087","101,682","101,335","100,864","101,842","102,299","103,257","102,521","103,218","104,139","104,443","105,045","105,936","106,392","106,696","106,833","106,749","106,215","106,268","107,230","106,394","108,564","107,650","107,459","107,043","106,311","107,250","107,564","107,856","106,985","108,819","109,155","109,585","109,683","110,138","109,590","109,229","110,574","110,144","110,458","111,214","112,287","113,168","113,637","114,286","113,602","112,897","113,529","114,671","114,405","114,237","113,749","113,687","114,096","114,126","114,983","115,566","116,396","117,684","119,269","118,887","119,728","120,815","121,222","121,438","120,964","120,422","121,062","122,548","122,715","122,411","122,553","121,992","122,127","124,148","123,778","124,024","124,281","124,111","124,836","126,771"
Real estate and rental and leasing  [53],"137,848","138,112","138,421","138,854","139,122","139,480","139,764","140,362","140,524","140,811","141,258","141,705","142,311","142,879","143,351","143,621","144,062","144,718","145,330","146,093","146,721","147,421","147,876","148,397","148,737","149,092","149,515","150,036","150,563","150,875","151,379","151,890","152,782","152,870","153,304","153,762","154,328","154,866","155,241","155,504","155,854","155,945","156,132","156,666","157,291","157,590","158,476","159,300","159,641","160,240","160,502","161,327","162,849","164,590","165,509","165,711","165,733","165,948","166,026","166,186","166,118","167,149","167,625","168,224","168,433","168,901","169,002","169,179","169,358","168,808","169,800","170,459","171,739","171,212","171,705","172,094","172,542","172,850","173,179","173,326","174,727","174,617","174,911","175,248","175,753","176,189","176,955","177,576","178,291","178,882","179,271","180,077","180,823","181,729","182,336","183,049","183,702","184,377","184,704","185,081","185,619","185,846","186,793","187,033","187,194","187,015","186,982","187,012","187,567","188,216","188,910","189,416","189,857","191,123","191,854","192,325","192,524","193,171","193,896","194,734","195,180","195,351","195,556","196,252","197,140","197,604","198,297","198,196","198,440","198,785","199,089","199,532","199,868","200,491","201,277","199,849","198,971","199,067","198,818","199,740","200,425","202,358","204,188","205,610","206,406","206,537","207,050","208,209","208,687","209,876","210,149","210,261","210,630","211,575","210,660","210,231","210,031","211,080","211,769","212,741","213,744","214,440","215,823","216,195","216,367","216,037","216,130","216,961","217,719","218,464","219,413","220,270","221,170","222,329","222,791","223,542","223,963","224,724","224,353","224,460","225,088","224,981","225,838","226,375","226,649","227,140","228,173","228,446","229,229","229,746","230,263","231,153","231,742","232,393","232,901","233,178","233,593","234,033","234,039","234,430","234,982","235,564","237,016","237,781","238,655","239,260","239,634","240,121","240,705","240,813","240,813","241,646","242,474","243,491","244,754","245,171","245,492","245,997","245,998","246,731","247,329","247,980","248,210","249,076","249,576","250,131","250,475","251,032","251,121"
"Professional, scientific and technical services  [54]","58,738","59,194","59,564","59,773","60,006","60,918","61,736","62,986","63,303","63,357","63,807","64,357","65,096","65,931","66,381","67,231","67,574","68,566","68,092","69,079","69,807","70,276","70,651","71,190","71,513","71,594","72,374","73,358","74,498","75,436","75,789","76,138","76,947","77,572","78,168","78,872","79,738","80,033","80,457","80,723","80,921","80,374","81,076","80,653","80,309","80,395","80,206","79,969","79,487","79,689","79,248","79,102","79,038","78,826","79,499","80,396","80,350","80,120","79,974","80,242","80,816","81,369","81,950","82,332","82,773","82,841","83,572","83,598","83,472","83,356","83,932","83,895","84,699","84,003","84,417","84,704","84,826","85,037","84,921","84,916","85,391","85,733","86,083","85,862","85,749","85,856","85,866","85,984","86,048","86,053","86,179","86,166","86,622","86,975","87,544","88,072","88,873","89,202","89,291","89,663","90,190","90,700","91,418","91,826","92,231","92,320","92,500","92,698","92,905","93,181","93,608","94,056","94,635","94,620","95,023","94,817","95,123","95,676","96,536","97,266","97,506","97,407","97,432","98,121","98,663","98,728","98,821","99,160","99,383","99,736","100,078","100,400","100,392","101,338","101,541","100,966","100,109","99,627","99,650","99,332","98,160","98,007","97,674","97,529","97,247","97,025","96,677","96,583","96,849","96,507","96,750","96,742","97,128","97,263","97,020","97,181","97,894","97,757","98,047","98,630","99,165","99,808","100,389","100,908","101,224","101,262","101,620","102,463","102,415","102,966","103,571","104,101","104,518","104,938","104,769","104,876","104,718","104,912","105,074","105,117","105,895","105,972","105,988","105,775","105,539","105,933","106,255","106,131","106,553","107,076","107,745","107,901","107,970","108,512","109,580","109,806","110,382","110,864","110,432","110,922","111,762","112,458","112,952","114,428","115,599","115,902","115,355","115,146","115,638","115,018","114,468","114,001","113,583","113,291","113,116","112,883","112,884","113,183","112,855","113,202","113,584","113,951","114,275","114,637","115,107","114,905","115,715","115,846","116,144"
Management of companies and enterprises  [55],..,..,..,..,..,..,..,..,..,..,..,..,..,..,..,..,..,..,..,..,..,..,..,..,..,..,..,..,..,..,..,..,..,..,..,..,..,..,..,..,..,..,..,..,..,..,..,..,..,..,..,..,..,..,..,..,..,..,..,..,..,..,..,..,..,..,..,..,..,..,..,..,..,..,..,..,..,..,..,..,..,..,..,..,..,..,..,..,..,..,..,..,..,..,..,..,..,..,..,..,..,..,..,..,..,..,..,..,..,..,..,..,..,..,"10,528","10,632","10,748","10,756","10,762","10,818","10,884","10,947","10,976","11,097","11,202","11,270","11,401","11,514","11,639","11,712","11,791","11,846","11,877","12,010","12,076","12,235","12,333","12,461","12,464","12,272","12,172","12,093","11,983","11,884","11,800","11,659","11,600","11,576","11,511","11,522","11,436","11,404","11,479","11,372","11,334","11,331","11,424","11,487","11,572","11,526","11,560","11,509","11,516","11,521","11,521","11,553","11,622","11,773","11,707","11,667","11,626","11,559","11,512","11,467","11,571","11,658","11,768","11,640","11,593","11,544","11,586","11,607","11,633","11,586","11,586","11,535","11,863","12,003","12,225","12,435","12,534","12,621","12,610","12,594","12,550","12,471","12,327","12,134","11,898","11,700","11,575","11,454","11,400","11,408","11,420","11,418","11,366","11,416","11,571","11,661","11,942","12,051","12,101","12,203","12,227","12,253","12,195","12,083","11,966","11,830","11,662","11,499","11,299","11,015","10,680","10,488","10,349","10,191","10,103"
"Administrative and support, waste management and remediation services  [56]","30,278","30,400","30,651","30,877","30,522","30,716","31,088","31,384","31,363","31,344","31,614","31,836","32,236","32,512","32,952","32,993","33,290","33,500","33,785","34,183","34,480","34,974","35,139","35,295","35,606","35,670","35,874","36,093","36,346","36,527","36,571","36,585","36,741","36,735","36,767","37,060","36,978","37,120","37,259","37,431","37,436","37,569","37,900","38,202","38,463","38,593","38,669","38,790","38,857","39,062","38,918","39,429","39,874","40,427","40,327","41,070","41,182","41,391","41,698","42,205","42,616","43,116","43,190","43,306","43,510","43,593","43,571","43,686","43,599","43,240","43,312","43,280","43,408","42,970","43,356","43,658","43,748","44,063","44,466","44,784","45,274","45,716","46,002","46,398","46,660","46,787","47,014","47,090","47,402","47,515","47,497","47,564","47,745","48,065","48,243","48,483","48,686","48,923","49,297","49,299","49,386","49,341","49,253","49,275","49,261","49,355","49,435","49,586","49,756","49,989","50,194","50,379","50,712","50,823","51,162","51,285","51,609","51,907","52,138","52,414","52,655","52,871","52,862","53,010","53,032","52,738","52,550","52,392","52,274","52,017","51,884","51,658","51,513","51,626","51,496","51,317","50,895","50,528","50,844","50,406","49,966","49,574","49,335","49,105","48,902","48,643","48,820","48,889","48,997","49,247","49,345","49,703","49,884","50,020","50,045","50,222","50,580","50,581","50,691","50,737","50,800","50,775","50,661","50,553","50,580","50,526","50,514","50,800","50,838","50,955","51,125","51,245","51,594","51,999","52,381","52,624","52,740","53,107","53,393","53,501","53,902","54,007","53,914","53,757","53,670","53,503","53,576","53,281","53,245","53,212","53,377","53,432","53,498","53,687","53,839","54,328","54,685","54,874","54,734","54,802","55,106","55,320","55,753","56,131","56,229","56,420","56,367","56,530","56,620","56,608","56,671","56,806","56,758","56,689","56,690","56,747","56,967","57,010","57,065","57,297","57,246","57,177","57,247","57,323","57,282","57,047","56,993","56,923","56,932"
Educational services  [61],"74,448","75,506","75,035","72,479","72,627","75,285","73,128","74,796","74,927","74,984","75,015","75,068","76,188","75,302","74,905","75,737","75,776","75,785","76,327","76,122","76,315","76,681","76,701","76,636","76,787","76,954","77,146","77,373","77,419","77,591","77,375","77,419","77,381","77,652","77,768","77,924","77,865","78,089","78,003","77,872","77,625","77,737","77,944","77,926","77,773","76,550","77,510","77,778","78,107","77,739","78,020","78,282","78,284","78,683","78,665","78,721","79,441","79,617","79,960","80,091","80,331","80,724","81,110","81,573","81,732","82,149","82,178","82,561","82,481","82,232","82,170","82,231","82,136","81,084","81,948","82,022","82,384","82,876","82,877","83,008","83,114","83,715","84,314","84,706","85,106","85,377","85,370","85,203","85,624","86,164","86,524","86,605","85,994","87,029","87,069","87,145","87,359","87,736","87,884","86,730","88,301","88,281","88,380","88,528","88,533","88,645","88,802","88,853","89,014","89,135","89,478","90,025","90,536","90,832","90,921","91,247","91,658","92,056","92,587","92,915","93,242","93,615","93,935","94,247","94,460","94,682","95,091","95,331","95,540","95,825","96,102","96,202","96,514","96,912","96,940","96,986","96,830","96,976","96,965","97,324","97,239","97,327","97,347","97,443","97,618","97,779","98,034","98,309","98,531","98,791","98,946","99,016","99,191","99,167","99,482","99,595","99,775","99,789","99,889","100,054","100,202","100,513","100,414","100,378","100,113","100,041","100,240","100,331","100,687","100,802","100,574","100,572","100,670","100,791","100,784","101,245","100,923","101,410","102,178","102,687","103,056","103,188","103,281","103,389","103,443","103,332","103,587","103,903","103,950","103,501","103,636","103,296","103,373","103,827","104,184","104,692","104,844","104,587","105,119","105,264","105,414","105,529","105,240","103,385","105,151","105,591","104,380","106,447","106,852","106,583","107,183","107,333","107,087","107,419","106,635","107,143","106,956","105,708","106,425","106,158","106,039","106,444","106,570","106,834","107,134","107,224","107,312","107,310","107,205"
Health care and social assistance  [62],"101,149","100,915","100,779","101,107","101,505","101,596","101,609","101,979","102,493","102,246","102,239","102,729","102,760","103,158","103,386","103,362","103,616","103,758","104,130","104,307","104,472","104,983","105,024","104,996","105,078","105,282","105,652","105,956","106,355","107,016","107,295","107,842","108,331","108,530","108,763","108,969","109,172","109,378","109,524","109,434","109,734","109,838","109,941","109,889","110,070","109,991","110,565","110,453","110,640","110,809","111,215","111,425","111,607","111,809","112,185","112,540","112,670","112,647","112,656","113,009","113,390","113,798","114,264","114,720","115,192","115,083","115,703","116,307","116,514","116,353","116,665","117,126","117,333","117,053","117,453","117,588","117,564","117,708","118,470","118,240","118,512","118,068","118,236","119,651","120,010","120,076","120,037","119,777","119,530","119,553","119,521","119,692","120,069","120,407","120,581","120,834","121,163","121,595","121,890","122,313","122,527","122,344","122,469","122,605","122,677","122,788","122,803","123,114","123,394","123,706","124,027","124,535","124,933","125,177","125,363","125,342","125,562","125,934","126,265","126,317","126,595","126,765","126,996","127,384","127,694","127,866","128,033","127,929","128,157","128,563","128,773","129,118","129,321","129,903","130,245","130,628","130,634","131,095","131,641","131,883","131,955","132,106","132,326","132,587","132,738","132,685","132,809","132,513","132,669","132,850","133,123","133,333","133,672","133,890","133,947","134,099","134,380","134,449","134,853","135,200","135,554","135,929","136,186","135,906","136,124","136,142","136,374","136,588","136,760","136,897","137,070","137,122","137,592","137,819","137,973","138,116","138,060","138,516","138,591","138,767","139,206","139,511","139,560","139,396","139,310","139,169","139,126","138,658","138,626","138,712","138,716","138,857","139,036","138,960","139,152","139,272","139,663","139,975","140,085","140,337","140,627","140,770","141,220","141,595","141,875","141,802","141,589","141,379","141,438","141,466","141,785","142,249","142,465","142,898","142,920","143,008","143,323","143,408","143,519","144,106","144,341","144,583","145,146","145,545","145,949","145,980","146,342","146,616","146,959"
"Arts, entertainment and recreation  [71]","13,008","12,764","13,036","12,849","12,742","12,997","12,835","12,196","13,028","12,887","13,520","13,181","13,099","13,252","12,946","12,744","12,770","12,749","12,772","13,089","13,007","13,467","13,161","13,196","13,224","13,153","13,184","13,497","13,271","13,438","13,445","13,555","13,549","13,567","13,319","13,425","13,554","13,584","13,808","13,751","13,752","13,867","14,026","14,090","13,962","13,641","13,841","13,964","13,983","14,056","14,067","14,281","14,448","14,481","14,467","14,235","14,392","14,651","14,853","14,234","14,230","14,467","14,244","14,261","14,397","14,178","14,189","13,980","14,030","13,897","13,927","14,318","13,966","13,676","13,741","14,086","14,189","14,110","14,250","14,396","14,413","14,587","14,645","14,271","14,721","15,186","14,267","13,811","13,617","13,327","13,481","13,394","13,187","13,448","13,442","13,904","14,065","14,094","13,873","14,083","13,954","13,980","13,699","13,501","13,882","14,220","13,890","13,913","13,538","13,594","13,596","13,613","13,788","13,812","13,769","13,683","13,749","13,661","13,628","13,989","13,989","13,952","14,187","14,098","14,029","13,684","13,875","13,743","13,691","13,877","14,100","13,926","13,993","14,022","13,964","14,052","14,023","14,026","14,157","14,119","14,069","14,247","13,954","13,749","13,749","13,683","13,757","13,612","13,667","13,618","13,559","14,365","13,528","13,254","13,267","13,402","13,363","13,425","13,288","13,234","13,251","13,188","13,261","13,326","13,035","13,136","13,169","13,552","13,423","13,232","13,551","13,690","13,691","13,735","14,090","13,797","13,925","13,661","13,390","13,723","13,785","13,706","12,958","12,756","12,642","12,402","13,158","13,043","13,182","13,487","13,384","13,190","13,362","13,511","13,710","13,784","13,865","14,049","13,998","13,443","14,198","14,332","14,407","14,359","14,307","14,323","14,197","14,081","14,298","14,168","14,230","14,124","14,127","14,219","14,050","14,788","14,728","14,538","14,469","14,678","14,537","14,742","14,757","14,755","14,801","14,504","14,796","14,802","14,913"
Accommodation and food services  [72],"30,398","30,776","30,971","30,838","30,854","31,194","32,070","32,694","32,002","31,857","32,000","32,223","32,817","33,024","32,913","32,834","32,710","33,109","33,078","33,440","33,398","33,805","33,456","33,390","33,325","33,409","33,733","33,976","33,812","33,548","33,769","33,733","33,939","34,086","34,569","34,675","35,327","34,980","35,127","35,761","35,494","35,469","35,636","35,595","36,130","35,199","35,115","35,010","35,213","35,070","33,711","34,183","35,051","35,624","35,012","35,323","35,483","36,134","36,176","36,329","36,350","36,277","35,945","35,533","35,653","35,651","34,899","35,385","35,396","34,554","34,357","34,769","34,735","34,793","35,069","35,443","35,394","35,145","35,092","35,108","35,788","35,890","36,083","35,651","36,252","36,497","36,602","36,371","36,397","36,534","36,278","37,103","36,431","36,392","36,201","36,647","36,741","36,753","36,165","36,218","36,593","36,464","37,215","36,871","36,782","36,660","36,899","36,569","36,249","36,018","36,313","36,673","36,722","36,878","36,721","36,395","37,088","36,582","36,875","37,099","37,544","37,141","37,398","37,731","37,668","37,149","37,302","36,699","37,127","37,287","37,440","37,493","37,281","37,823","37,677","37,529","37,920","37,461","38,361","38,227","37,920","37,764","37,219","37,216","37,650","37,741","37,994","37,119","37,507","37,668","37,692","38,631","37,813","37,473","37,432","37,368","37,031","37,400","37,270","37,493","37,678","37,585","37,529","37,651","37,823","38,227","38,480","38,458","38,537","38,370","38,834","38,624","39,080","38,948","38,766","38,903","39,429","38,952","39,180","39,168","39,523","39,333","39,676","39,464","39,635","39,728","40,090","40,161","40,396","40,209","40,748","40,828","40,614","41,155","41,000","41,195","41,492","41,185","41,799","42,154","42,410","42,569","43,077","43,239","42,993","43,607","43,476","43,878","43,917","44,106","43,852","43,536","43,511","44,023","44,167","44,468","44,549","44,413","44,264","44,541","44,493","44,727","45,031","45,320","45,417","45,511","45,289","45,537","45,872"
Other services (except public administration)  [81],"26,559","26,501","26,545","26,584","26,712","26,808","26,808","26,912","27,068","27,026","27,123","27,146","27,279","27,565","27,644","27,591","27,678","27,798","27,787","28,068","28,171","28,334","28,508","28,629","28,741","28,650","28,941","29,143","29,267","29,466","29,533","29,601","29,710","29,677","29,741","29,800","29,905","30,015","30,097","30,164","30,278","30,423","30,689","30,963","30,989","31,134","31,207","31,350","31,394","31,532","31,752","31,814","31,964","32,096","32,295","32,404","32,428","32,479","32,591","32,624","32,677","32,843","32,846","32,851","32,856","32,763","32,822","32,702","32,775","32,776","32,865","32,833","32,964","32,980","32,985","33,185","33,128","33,181","33,314","33,260","33,215","33,354","33,376","33,522","33,556","33,566","33,690","33,789","33,901","33,950","33,845","33,963","33,907","34,229","34,243","34,410","34,424","34,433","34,490","34,580","34,713","34,844","34,889","35,037","35,180","35,318","35,287","35,360","35,394","35,356","35,307","35,318","35,136","35,237","35,203","35,194","35,235","35,306","35,357","35,381","35,578","35,556","35,551","35,795","35,911","35,896","36,116","36,161","36,276","36,412","36,465","36,482","36,575","36,778","36,870","36,902","36,636","36,531","36,676","36,717","36,454","36,305","36,038","36,070","36,135","36,008","36,006","35,796","35,909","35,928","35,910","35,778","35,778","35,750","35,643","35,611","35,527","35,619","35,854","36,010","36,174","36,244","36,281","36,272","36,516","36,585","36,855","37,177","37,072","37,018","37,073","37,144","37,246","37,297","37,331","37,369","37,493","37,483","37,459","37,542","37,805","37,914","37,873","37,848","37,879","37,780","38,118","38,134","38,111","38,246","38,382","38,265","38,674","38,754","38,808","38,830","39,139","39,102","39,222","39,454","39,463","39,602","39,795","39,924","40,111","40,121","40,190","40,089","40,137","40,189","40,073","40,113","40,134","40,173","40,109","40,092","40,030","39,919","39,864","39,912","39,843","39,870","39,712","39,514","39,390","39,262","39,274","39,240","39,244"
Public administration  [91],"95,051","94,895","94,667","94,154","94,576","94,897","93,289","95,057","94,951","95,102","94,974","95,634","96,077","96,164","96,281","96,108","96,371","96,778","96,518","96,727","96,773","97,091","97,169","97,343","97,316","97,669","98,338","98,731","98,838","99,336","99,730","99,977","100,294","100,031","100,705","101,105","101,653","101,558","101,778","101,803","101,950","102,019","101,986","102,035","102,135","102,127","103,275","102,930","103,054","103,265","104,006","104,505","104,944","105,796","106,176","106,674","105,731","106,023","107,860","108,111","107,690","107,635","108,234","108,576","108,755","108,979","109,551","109,749","109,828","109,151","109,361","109,717","110,061","106,699","110,026","109,902","110,110","110,310","110,636","110,569","111,041","111,795","111,924","112,426","112,580","112,978","112,981","111,562","112,481","112,321","112,656","112,944","112,755","112,998","112,953","113,406","113,623","114,076","114,681","115,504","116,021","116,646","117,163","117,726","118,073","118,829","119,840","119,896","119,825","119,501","119,364","119,390","119,664","119,935","120,226","120,245","120,419","120,824","121,063","121,225","121,491","121,503","121,639","121,801","121,917","122,296","123,146","123,948","124,308","124,990","125,579","126,081","126,818","127,287","128,041","128,659","129,371","129,875","130,541","131,141","131,713","132,219","132,751","133,037","132,902","134,281","134,788","135,244","135,488","135,684","136,013","135,907","135,682","136,002","136,296","136,686","137,179","137,541","137,907","138,235","138,202","138,482","138,773","138,638","138,747","139,048","139,779","140,137","140,187","140,146","140,038","139,673","139,484","139,117","138,814","138,784","138,306","138,396","138,698","138,558","138,300","138,235","137,855","137,797","138,461","138,117","138,105","138,046","137,785","137,260","137,372","137,548","137,656","137,973","137,770","137,989","138,023","137,931","137,708","137,611","137,488","137,232","137,103","136,983","136,845","136,791","136,783","136,858","136,885","136,864","137,092","137,416","137,772","137,873","137,830","137,963","138,113","138,082","138,197","138,360","138,342","138,564","139,012","139,386","139,583","139,926","140,836","141,002","140,607"
,,,,,,,,,,,,,,,,,,,,,,,,,,,,,,,,,,,,,,,,,,,,,,,,,,,,,,,,,,,,,,,,,,,,,,,,,,,,,,,,,,,,,,,,,,,,,,,,,,,,,,,,,,,,,,,,,,,,,,,,,,,,,,,,,,,,,,,,,,,,,,,,,,,,,,,,,,,,,,,,,,,,,,,,,,,,,,,,,,,,,,,,,,,,,,,,,,,,,,,,,,,,,,,,,,,,,,,,,,,,,,,,,,,,,
Symbol legend:,,,,,,,,,,,,,,,,,,,,,,,,,,,,,,,,,,,,,,,,,,,,,,,,,,,,,,,,,,,,,,,,,,,,,,,,,,,,,,,,,,,,,,,,,,,,,,,,,,,,,,,,,,,,,,,,,,,,,,,,,,,,,,,,,,,,,,,,,,,,,,,,,,,,,,,,,,,,,,,,,,,,,,,,,,,,,,,,,,,,,,,,,,,,,,,,,,,,,,,,,,,,,,,,,,,,,,,,,,,,,,,,,,,,,
.., not available for a specific reference period,,,,,,,,,,,,,,,,,,,,,,,,,,,,,,,,,,,,,,,,,,,,,,,,,,,,,,,,,,,,,,,,,,,,,,,,,,,,,,,,,,,,,,,,,,,,,,,,,,,,,,,,,,,,,,,,,,,,,,,,,,,,,,,,,,,,,,,,,,,,,,,,,,,,,,,,,,,,,,,,,,,,,,,,,,,,,,,,,,,,,,,,,,,,,,,,,,,,,,,,,,,,,,,,,,,,,,,,,,,,,,,,,,,,
,,,,,,,,,,,,,,,,,,,,,,,,,,,,,,,,,,,,,,,,,,,,,,,,,,,,,,,,,,,,,,,,,,,,,,,,,,,,,,,,,,,,,,,,,,,,,,,,,,,,,,,,,,,,,,,,,,,,,,,,,,,,,,,,,,,,,,,,,,,,,,,,,,,,,,,,,,,,,,,,,,,,,,,,,,,,,,,,,,,,,,,,,,,,,,,,,,,,,,,,,,,,,,,,,,,,,,,,,,,,,,,,,,,,,
,,,,,,,,,,,,,,,,,,,,,,,,,,,,,,,,,,,,,,,,,,,,,,,,,,,,,,,,,,,,,,,,,,,,,,,,,,,,,,,,,,,,,,,,,,,,,,,,,,,,,,,,,,,,,,,,,,,,,,,,,,,,,,,,,,,,,,,,,,,,,,,,,,,,,,,,,,,,,,,,,,,,,,,,,,,,,,,,,,,,,,,,,,,,,,,,,,,,,,,,,,,,,,,,,,,,,,,,,,,,,,,,,,,,,
,,,,,,,,,,,,,,,,,,,,,,,,,,,,,,,,,,,,,,,,,,,,,,,,,,,,,,,,,,,,,,,,,,,,,,,,,,,,,,,,,,,,,,,,,,,,,,,,,,,,,,,,,,,,,,,,,,,,,,,,,,,,,,,,,,,,,,,,,,,,,,,,,,,,,,,,,,,,,,,,,,,,,,,,,,,,,,,,,,,,,,,,,,,,,,,,,,,,,,,,,,,,,,,,,,,,,,,,,,,,,,,,,,,,,
,,,,,,,,,,,,,,,,,,,,,,,,,,,,,,,,,,,,,,,,,,,,,,,,,,,,,,,,,,,,,,,,,,,,,,,,,,,,,,,,,,,,,,,,,,,,,,,,,,,,,,,,,,,,,,,,,,,,,,,,,,,,,,,,,,,,,,,,,,,,,,,,,,,,,,,,,,,,,,,,,,,,,,,,,,,,,,,,,,,,,,,,,,,,,,,,,,,,,,,,,,,,,,,,,,,,,,,,,,,,,,,,,,,,,
Footnotes:,,,,,,,,,,,,,,,,,,,,,,,,,,,,,,,,,,,,,,,,,,,,,,,,,,,,,,,,,,,,,,,,,,,,,,,,,,,,,,,,,,,,,,,,,,,,,,,,,,,,,,,,,,,,,,,,,,,,,,,,,,,,,,,,,,,,,,,,,,,,,,,,,,,,,,,,,,,,,,,,,,,,,,,,,,,,,,,,,,,,,,,,,,,,,,,,,,,,,,,,,,,,,,,,,,,,,,,,,,,,,,,,,,,,,
1,Aggregates are not always equal to the sum of their components.,,,,,,,,,,,,,,,,,,,,,,,,,,,,,,,,,,,,,,,,,,,,,,,,,,,,,,,,,,,,,,,,,,,,,,,,,,,,,,,,,,,,,,,,,,,,,,,,,,,,,,,,,,,,,,,,,,,,,,,,,,,,,,,,,,,,,,,,,,,,,,,,,,,,,,,,,,,,,,,,,,,,,,,,,,,,,,,,,,,,,,,,,,,,,,,,,,,,,,,,,,,,,,,,,,,,,,,,,,,,,,,,,,,,
2,"At the lowest level of detail, it may not be possible to produce a homogeneous series from 1997 to the present. Only industries and certain aggregates that provide good continuity back to 1997 have data from 1997 to 2006.",,,,,,,,,,,,,,,,,,,,,,,,,,,,,,,,,,,,,,,,,,,,,,,,,,,,,,,,,,,,,,,,,,,,,,,,,,,,,,,,,,,,,,,,,,,,,,,,,,,,,,,,,,,,,,,,,,,,,,,,,,,,,,,,,,,,,,,,,,,,,,,,,,,,,,,,,,,,,,,,,,,,,,,,,,,,,,,,,,,,,,,,,,,,,,,,,,,,,,,,,,,,,,,,,,,,,,,,,,,,,,,,,,,,
3,"Effective November 30, 2023, the data is presented on a 2017 reference year basis.",,,,,,,,,,,,,,,,,,,,,,,,,,,,,,,,,,,,,,,,,,,,,,,,,,,,,,,,,,,,,,,,,,,,,,,,,,,,,,,,,,,,,,,,,,,,,,,,,,,,,,,,,,,,,,,,,,,,,,,,,,,,,,,,,,,,,,,,,,,,,,,,,,,,,,,,,,,,,,,,,,,,,,,,,,,,,,,,,,,,,,,,,,,,,,,,,,,,,,,,,,,,,,,,,,,,,,,,,,,,,,,,,,,,
4,"The alphanumeric code appearing in square brackets beside the industry title represents the identification code of an aggregation of NAICS industries, whose definition is included in the full classification provided in the definitions, data sources and methods for the statistical program <a href=https://www23.statcan.gc.ca/imdb/p2SV.pl?Function=getSurvey&SDDS=1301"" rel=""external noopener noreferrer"" target=""_blank"">1301 - Gross domestic product by Industry - National (Monthly) (opens new window)</a>.""",,,,,,,,,,,,,,,,,,,,,,,,,,,,,,,,,,,,,,,,,,,,,,,,,,,,,,,,,,,,,,,,,,,,,,,,,,,,,,,,,,,,,,,,,,,,,,,,,,,,,,,,,,,,,,,,,,,,,,,,,,,,,,,,,,,,,,,,,,,,,,,,,,,,,,,,,,,,,,,,,,,,,,,,,,,,,,,,,,,,,,,,,,,,,,,,,,,,,,,,,,,,,,,,,,,,,,,,,,,,,,,,,,,,
,,,,,,,,,,,,,,,,,,,,,,,,,,,,,,,,,,,,,,,,,,,,,,,,,,,,,,,,,,,,,,,,,,,,,,,,,,,,,,,,,,,,,,,,,,,,,,,,,,,,,,,,,,,,,,,,,,,,,,,,,,,,,,,,,,,,,,,,,,,,,,,,,,,,,,,,,,,,,,,,,,,,,,,,,,,,,,,,,,,,,,,,,,,,,,,,,,,,,,,,,,,,,,,,,,,,,,,,,,,,,,,,,,,,,
,,,,,,,,,,,,,,,,,,,,,,,,,,,,,,,,,,,,,,,,,,,,,,,,,,,,,,,,,,,,,,,,,,,,,,,,,,,,,,,,,,,,,,,,,,,,,,,,,,,,,,,,,,,,,,,,,,,,,,,,,,,,,,,,,,,,,,,,,,,,,,,,,,,,,,,,,,,,,,,,,,,,,,,,,,,,,,,,,,,,,,,,,,,,,,,,,,,,,,,,,,,,,,,,,,,,,,,,,,,,,,,,,,,,,
,,,,,,,,,,,,,,,,,,,,,,,,,,,,,,,,,,,,,,,,,,,,,,,,,,,,,,,,,,,,,,,,,,,,,,,,,,,,,,,,,,,,,,,,,,,,,,,,,,,,,,,,,,,,,,,,,,,,,,,,,,,,,,,,,,,,,,,,,,,,,,,,,,,,,,,,,,,,,,,,,,,,,,,,,,,,,,,,,,,,,,,,,,,,,,,,,,,,,,,,,,,,,,,,,,,,,,,,,,,,,,,,,,,,,
"How to cite: Statistics Canada. Table 36-10-0434-01  Gross domestic product (GDP) at basic prices, by industry, monthly (x 1,000,000)",,,,,,,,,,,,,,,,,,,,,,,,,,,,,,,,,,,,,,,,,,,,,,,,,,,,,,,,,,,,,,,,,,,,,,,,,,,,,,,,,,,,,,,,,,,,,,,,,,,,,,,,,,,,,,,,,,,,,,,,,,,,,,,,,,,,,,,,,,,,,,,,,,,,,,,,,,,,,,,,,,,,,,,,,,,,,,,,,,,,,,,,,,,,,,,,,,,,,,,,,,,,,,,,,,,,,,,,,,,,,,,,,,,,,
https://www150.statcan.gc.ca/t1/tbl1/en/tv.action?pid=3610043401,,,,,,,,,,,,,,,,,,,,,,,,,,,,,,,,,,,,,,,,,,,,,,,,,,,,,,,,,,,,,,,,,,,,,,,,,,,,,,,,,,,,,,,,,,,,,,,,,,,,,,,,,,,,,,,,,,,,,,,,,,,,,,,,,,,,,,,,,,,,,,,,,,,,,,,,,,,,,,,,,,,,,,,,,,,,,,,,,,,,,,,,,,,,,,,,,,,,,,,,,,,,,,,,,,,,,,,,,,,,,,,,,,,,,